species__Gemmiger formicilis,species__Adlercreutzia equolifaciens,species__Ruminococcus bromii,species__[Ruminococcus] torques,species__Alistipes putredinis,species__Eubacterium ventriosum,species__Fusicatenibacter saccharivorans,species__Eubacterium sp. CAG:274,species__Anaerobutyricum hallii,species__Turicibacter sanguinis,species__Ruminococcus bicirculans,species__Clostridium sp. CAG:167,species__[Clostridium] leptum,species__Erysipelatoclostridium ramosum,species__[Eubacterium] rectale,species__Coprococcus catus,species__[Clostridium] symbiosum,species__[Ruminococcus] lactaris,species__Roseburia inulinivorans,pathway__TRNA-CHARGING-PWY: tRNA charging,pathway__PWY-5097: L-lysine biosynthesis VI,pathway__PWY-7187: pyrimidine deoxyribonucleotides de novo biosynthesis II,pathway__PWY-6163: chorismate biosynthesis from 3-dehydroquinate,"pathway__PWY-724: superpathway of L-lysine, L-threonine and L-methionine biosynthesis II",pathway__COA-PWY-1: coenzyme A biosynthesis II (mammalian),pathway__PWY-3841: folate transformations II,pathway__ARO-PWY: chorismate biosynthesis I,pathway__PWY0-162: superpathway of pyrimidine ribonucleotides de novo biosynthesis,pathway__COMPLETE-ARO-PWY: superpathway of aromatic amino acid biosynthesis,pathway__HISTSYN-PWY: L-histidine biosynthesis,pathway__PWY-6703: preQ0 biosynthesis,pathway__PWY-6121: 5-aminoimidazole ribonucleotide biosynthesis I,pathway__PWY-6737: starch degradation V,pathway__PWY-6386: UDP-N-acetylmuramoyl-pentapeptide biosynthesis II (lysine-containing),pathway__PWY-5686: UMP biosynthesis,pathway__PWY-6122: 5-aminoimidazole ribonucleotide biosynthesis II,pathway__TRPSYN-PWY: L-tryptophan biosynthesis
-0.7663042044259977,-0.537846859731592,-0.5991591688853365,-1.2325285581762406,-1.2151329713771701,-0.6689860572082063,1.0925124156611523,0.0864951738735694,0.8230185247199364,0.04287742702607257,1.4581855695545114,0.021167985790273257,-0.5639440932713821,-0.04969284069869096,-1.6889853776757628,-0.6958894180253408,1.4437227726306,-0.4193766117075934,-1.2491518265555848,-0.7027435873467597,-0.579694851637954,-1.8797477100152018,-0.7213895176590924,-0.4670635768814025,-0.755681740255147,-0.20938370112634158,-1.5194493327400993,-0.372508720721988,-1.2973849495699763,0.041246926343657134,0.5260062544126045,-0.26862528834197036,-0.18574607068118432,-0.5869809261600051,-0.48515372284640546,-0.19703695120473586,0.752428213658007
-0.5317525117191627,-0.30427328697435485,-0.43413465072054297,-1.0324973895378902,-1.0306931867580642,-0.45588003696383916,-1.5000997671413319,0.3482363040860668,-1.1088722286227,0.3417202462452972,-0.5046061381247101,0.2938360207506106,-0.3060386702213437,0.17941782014783664,0.4698015565907222,-0.474939782443627,0.06616918982195139,-0.22070941142287698,-1.0423436335126575,0.07738654080709235,0.4091878026927164,-1.8568816847903655,0.6452624731115096,-0.489684436331874,0.0997252545270535,0.9356498814270868,-1.4309593865965393,1.0069021363463506,-1.1903575377315159,0.6667133744982717,1.352913601899305,0.7026701055355922,-1.8831506663771787,0.3676695998929477,0.1745930170549554,0.507234671887634,0.5664957395673127
0.5938231047507293,-0.7915682365146053,1.1063096780254882,-1.4498141993013443,1.2772500671561935,-0.9004743725123794,0.30049835594008795,-0.19782346343767632,0.9144418098992548,-0.28174325089978436,-0.9078714414851711,-0.2750200992665882,-0.8440961594645541,-0.29856633961144774,-1.9188768424345444,-0.9358979304513703,1.0951604038536,-0.6351806300425532,-1.473799070888293,-0.7786923646741486,-0.4096633770221892,-0.37524365106350804,-0.6347089788697772,-0.6272848236882008,-0.590049552858197,-0.2996431285642114,-1.1513111781017935,-0.16592374823914752,-1.0706763420710554,0.06163787571992429,0.4938679624532758,-0.4745338525034335,-0.22134120340027716,-0.5559050510193677,-0.5721914230956615,-0.4729699491925333,-0.42370014610956586
-0.9297561419409524,-0.7006171752167129,-0.7141597340921775,-1.3719241928868582,-1.3436634449922737,-0.817493158150684,-0.1968649916186476,-0.09590425529644242,-1.4633680069757993,-0.16537704025192107,-0.8326040754682349,-0.16884607080563457,1.0477815903526613,-0.2093530886744043,0.48945602755286494,-0.8498624958244159,-0.31556759191068745,1.0438258426799982,0.651517442926431,-0.1666922407453184,0.44042360039076345,-1.4165225411231386,0.3317274275667934,-0.08899627657562445,0.5055183846544062,0.6687010715948973,-1.4770237140475007,-1.6152104873499948,-1.238743872410003,0.7940798324446753,1.280481115809651,0.4120451100477369,0.23274430818178032,0.17316749576345264,0.03680545137344265,0.28219560678643696,0.4690601245364349
-1.4101868225306897,-1.179044379184045,0.8707205093225063,-1.781646712383656,0.8937824492702412,-1.2539968097007037,0.04108204790068979,-0.6320268808683225,-0.16280372131647977,-0.7774948099850921,1.0122125714337125,-0.7273502030900049,1.210962783776047,1.160853470185144,-0.06007535253330165,-1.3024321727836643,0.899419497377882,1.3241156956760984,0.4016665077153505,-0.3791711917308698,-0.5889190501850592,0.6316508992691453,-0.5002654692662272,-0.19624305897870567,-0.32999164740003417,0.030591950431043236,-0.5106460651185825,1.001635426301483,-0.5984389247769301,-0.4234711167794212,0.3439407031832721,-0.6248106184644853,-0.08526040170959993,-0.46859684408053065,-0.30041282120586615,-0.7898033302039733,-1.2825759773437515
-1.2792569356947479,0.621553129304022,-0.9600594733855629,0.4855289797040031,1.0301659393058866,-1.1350381835972143,-0.6934887529872976,-0.48591948695636555,-0.24856347673075616,-0.6106767578510061,0.9096311759363419,-0.5751432650409269,-1.1279702558448166,0.9012928358590572,0.5246615610615646,-1.1790951358631314,-0.6507839017373821,1.3568485679156839,0.8975296102910816,-0.11833791592393121,0.19289584780298843,-0.09408096154866856,-0.34750827700547804,0.16633779619441683,-0.07165339837553919,-0.0633237658793667,-0.37119361425627395,0.5735572814802934,-0.3134819467609211,0.23889084859015253,0.7516027825485211,-0.2710386584446412,0.31246379013177755,-0.035595554744612706,-0.05604652070457516,0.02036255680399081,-0.4717899345607535
-0.5934678495501443,-0.3657312614820024,-0.4775559697969514,-1.0851296728813824,0.9997947418776463,-0.5119525806381908,-1.5624137017208408,0.2793668702784953,-1.1638411411135905,0.26308860077032953,-0.5554662358070869,0.22209149527272332,-0.3738988511831139,0.11913412885725207,0.0730540977908437,-0.5330761414107792,0.006976226094426824,-0.2729828068523071,0.6396751765131602,-0.5995033723973027,-0.8595515647249629,0.12938256311467594,-0.608507054843092,-1.0942138529237218,-0.7313453830082187,-0.6718034133858173,-0.5873342366640112,0.2451811633304779,-0.5211034004635856,-0.9385612366962426,0.5042179573961816,-0.21480517171052005,-1.672541635273761,-0.22345402677609766,-0.8845167319054036,-0.3921072872989214,0.13504973648061225
0.8461237085758053,-0.6070432952289501,-0.6480478693143918,-1.2917880184600063,-1.2697734664849247,-0.7321189570900964,-1.8070866250415472,0.008954067574789696,-1.3796741582655663,-0.045655096665912616,1.5863126885578243,-0.05961022841692354,-0.6403488669785902,-0.11756713348737553,-1.7516827747743868,-0.7613459978353575,2.4226568010820264,-0.4782319948216326,0.9247278918930864,-0.0594888836443935,-0.05861795952507005,0.5833685015891344,0.16601135741030001,-0.12137415015882276,0.1430002604946725,0.34428738524417174,-0.40136345983769245,-0.04508854644674548,-0.2771735997635804,0.37112138329526045,0.8126587989413779,0.11259255230851771,-1.9344406711760442,0.10275699434562101,0.038959836394476886,-0.08295855665335068,-1.351367429931806
-1.2218146215623447,-0.9914577219292858,0.20636185136223598,-0.3953675126314356,0.46768382483253645,-1.0828479699299716,1.0093028083648345,-0.4218184094943976,-0.8228086093859259,-0.5374893811167026,-1.0732917768495525,-0.508366160440648,0.7843251324660365,1.0627673366955561,0.23972871977079457,-1.1249840005818,-0.5956893185046627,0.9287302057204184,-0.16334515469316155,-1.055206641990691,-1.1787016941759958,0.5720803565542554,-1.0465357249214964,-0.6167569178077208,-1.2702389828967828,-0.864186445941195,-0.589170832730404,0.4057711302832924,-0.597838081765498,-0.9801160809129145,-0.5716779992416077,-0.705944884829079,-1.153195295792326,-1.0770749759692515,-0.9046657770866967,-0.6986070699793057,-0.8514604675661568
-0.1795781868928147,-0.9348717015836429,0.7612096349086428,0.4876705937464676,1.2828654026661976,0.6993898708562264,-0.48094919356768434,-0.3584084579974895,-1.6728886861653884,-0.4650910971461786,-1.0264635085037053,-0.44230903423524315,0.8205217182119406,-0.43913169208686903,0.40761620359156187,-1.071456281556053,-0.5411887548815024,-0.7570681272465032,0.7550250559468391,-0.531422831325223,-0.5770552237021659,-0.05930588053887952,-0.4887524248200366,-0.5529085292283672,-0.3798780916820167,-0.2344855827222308,-0.5686481183136778,0.5648348433055438,-0.519740360470612,-0.21711880445862308,0.3137384406246243,-0.1956485041879289,-0.34991314231778364,-0.4857619567310633,-0.3715200290110287,-0.1862593555754937,-0.6514895874265944
0.417413601164069,-1.216293386395921,0.2876729966211444,-0.05473570920831559,0.3358407536119384,0.3873752683906761,0.7854032576505319,1.121650456134925,0.021074321963446663,-0.8251525916292671,1.1155458005071195,-0.7708337765131072,0.7820137428585351,-0.7151762266751102,-0.06871333725369246,-1.3376679850893594,0.6325983187641415,1.6570678438001956,-0.48544247863618545,-0.9871644204108876,-1.0187725989399903,-0.16970362524936344,-0.5309894190332834,-0.540096824713869,-0.8478179441023349,-0.6620980322061673,-0.356947701567027,-0.511736587975304,-0.3592688937339742,-0.3317897164943178,-0.17775861684816222,-0.8972383616405399,0.22791562129576465,-0.8486813887558313,-0.3801277763264515,-0.9309849762782044,0.4546704689656283
-0.9496764620473201,-0.7204544242427846,-0.7281751572567019,-1.38891270771931,1.207258795018991,-0.8355921114810608,0.40787572094239527,-0.1181337563444368,-1.4811107330338873,3.123947124574955,-0.8490205687109482,-0.19200358664574912,-0.7655742718119338,1.9874591014175769,1.441165342818576,-0.8686276022168662,-0.33467374650593895,-0.5746944122789567,0.9195632413811978,-0.6007560675957908,-0.882054911168246,-0.35208091256040275,0.0160782421009964,-0.2915307728343556,-0.42259673690031374,-0.28280800894449404,0.08251983571617517,0.19743825526347483,-0.02096245950990113,0.14684161188834752,-0.022584740072319563,-0.14585319724801882,0.4752293847514162,-0.4017321255869006,-0.533126192530593,-0.2839339860103144,-0.1369062811306043
-0.7095712408768995,-0.481350482168324,-0.5592433197788769,-1.1841453601354262,-1.170520990721469,-0.6174403363520006,-1.6796432168765143,0.1498046722117694,-1.2672526654126954,0.11516101864723823,-0.6511479582389716,0.08712046521980353,2.28541078077813,0.005724055340350349,1.600926367204849,-0.642446496863772,-0.10438189123888154,-0.3713233280067516,1.0822595064292981,0.8945335483602739,0.9636624825829736,-0.6382011728740071,0.6331129364510978,0.09441028510810061,0.5896867738094301,0.5380682317277033,0.8558583338724634,0.0003955439112227003,1.0204630557706165,1.075547816300767,1.3395689404720506,0.8816980430824852,0.5750863341287001,1.3242623374826408,0.9141751439454232,1.1633831111711057,0.2895607233760094
-0.9207650457945525,-0.6916635734512234,-0.7078338308671366,1.0871543824211687,0.02332545628926581,-0.8093241413540813,0.5031055179596148,-0.0858709034154592,-1.4553597744255349,-0.1539214651961503,-0.8251944420715921,-0.1583938566685892,2.559391782580309,1.9306341781898413,-1.828355382953756,-0.8413928088479496,1.5839118902328546,-0.5502062064727318,0.9849757693117295,-0.5418520583392444,0.06967561673606203,-0.8628749611275784,-0.12365838216876628,-0.812931201146686,-0.20150283861071344,0.1466555592786327,-0.835459569441852,0.31364395525581884,-0.691239751471194,0.41551061014584295,0.8770971082834389,-0.11852517143058722,-0.866355180792695,-0.357299700577366,-0.2905187588013345,-0.14453463687832055,-2.466942054171187
-0.909799151322056,-0.6807434086003082,-0.7001185105013545,-1.3549044045837653,1.4799004214287808,0.5370126444233979,0.5835473236370229,-0.073633832858012,-1.4455926190500943,-0.13994979531987542,1.897339905522394,-0.14564592523014383,-0.721726476155427,-0.18985905195935804,0.3307714987025043,-0.831062845505694,-0.2964262655673056,-0.5409180042503265,0.5802494198151588,-0.6524210823240676,-0.545276066789404,-0.07623579127388261,-0.5471030097936749,-0.4070707536608483,-0.6594064942767904,-0.40416501238204755,-1.5082774731231545,0.6868515863686693,-1.4179187405886937,0.09543960080027322,0.42474053398522504,-0.6503784206695189,-1.0257165428831025,-0.6539730892164964,-0.4069265034728562,-0.4586787592559116,-0.08843650402714949
0.47928785360450954,-1.0485080702550933,-0.9599517843225205,0.2687791020017656,0.8647174387410047,-1.1348991182758668,0.36667046828798017,-0.4857486841121234,0.21603326723106334,-0.6104817437794211,-1.1205043039773892,-0.5749653316917918,0.8089931134368946,-0.5505968001261901,0.48344569245786245,-1.1789509520806247,-0.650637097473069,1.4941822634329769,0.4230888588459383,-0.18908013421587694,-0.1482067454449933,-0.5867007332113714,0.16511627469027085,-0.7219163702127868,-0.06281309618429758,0.27123308503528604,-0.6535904292051888,-0.32926754382265716,-0.42817850192552365,0.161908736258892,0.9391539531668488,0.4853267787885195,-0.6260955256752105,0.08316393222926609,-0.2050011395164718,0.29682392983922057,0.9029960640570278
-0.8722164095960766,-0.6433173932190357,-0.673676263280425,-1.3228529635503494,1.6920819794285276,0.8977667711943785,0.452130879175385,-0.03169446681754855,-1.4121182427652088,2.181949884022104,1.2323880341953233,-0.10195571683052615,-0.6804017140428208,-0.15314813892397067,0.9038983188962919,-0.7956595917807429,-0.2603795720555666,-0.5090851149134066,0.34421848151765283,-0.12944689552854557,0.06416344606445971,0.6765798000615919,-0.05349479898032666,0.055779410707701156,0.25980460595907695,0.2289864437922335,-0.2979251648042824,1.0864036170240574,-0.40103958210913526,0.0100840354849724,0.33023121466478345,0.1976345189422685,-0.14545786348696577,-0.15926426243409292,-0.133464713823956,0.05158440881758077,-0.6801005415897335
-0.7307767553827481,-0.502467566117393,-0.5741629725572437,-1.2022299188066106,-1.187195952573416,-0.636706975408935,0.5860350902628239,0.1261409959046636,-1.286140094569911,0.08814302672917237,-0.668623590344012,0.062468901618173,-0.5248792642366992,2.0748073668382876,1.1793929235551337,1.2244129339198384,2.456926418277333,-0.3892845720670939,0.4243352677198047,-1.2054283952782363,-0.21846159261811274,-0.4936131302326074,-1.0156881652253016,0.23025684775047967,-1.7816346037063049,-1.2104673688786955,-0.45653199263458105,0.3338679090271416,-0.3278295403132456,-1.340696057649823,-2.190974094327148,-0.4326322700801092,-0.7191180214431662,-1.9190402352172966,-0.9936853707125849,-0.5001494494367839,0.11991234416353853
-1.1985890677757332,-0.9683290226025036,-0.9033036432268122,-0.2464396705681027,1.1554104587956175,-1.061745989047563,0.4862030799582919,-0.3959005291851003,-0.7051703944666168,-0.5078976527798965,-1.0541514144075705,2.5134399010298214,0.7617715925708551,-0.47194974097098913,0.08301981266551427,-1.1031053367098265,-0.573413018784686,0.8502486310885132,0.029457766183174156,0.4141476452078739,-0.3511902714397602,0.8331886264383335,-0.11777594649153507,0.07623525617716545,0.6005842992129811,0.46686329635209683,-0.058316472691672866,0.6179720208536753,-0.31572197942793134,-0.1406464421821051,0.21903263539695664,-0.6445043766690249,0.5544838932901496,-0.04808440908362657,-0.02479399800980622,-0.7943908309589219,-2.5624294024448733
1.3358956104769457,1.036169703615797,-0.8655369499593077,0.5967051749039098,0.4752250136762197,-1.0129756015346565,0.43940792745675256,-0.33599975146942745,0.15132600201038005,-0.4395059664161877,0.5983049889487773,2.2888847814912103,0.6682480600185163,-0.41951661073839297,0.39786678094803923,0.7483643511628568,-0.5219285739948332,-0.7400594324941056,0.8617129620908834,-0.11152019010501703,0.3335221395934826,1.2614128759641121,0.03435767670501053,-0.8067782321272473,0.23090442951787876,0.26565489709388634,0.5170812169533076,1.2817913867810442,0.576025788789254,-0.5166208726317304,1.0384822048794624,-0.1730870244168302,-1.1846754979631295,-0.3344030122543233,-0.03823581524727358,-0.4252655634514381,-0.11530387957551297
-1.392187128713007,-1.1611197471124812,0.3557140646419091,-0.4550336784603764,0.5067923472498481,-1.2376428747926413,-0.21605374263310215,-0.6119406467893906,-0.10709503825922558,-0.7545613611428258,-1.2136971065555195,-0.7064254291669717,1.1171451218465607,-0.6610567952329452,0.1808141231588872,-1.2854763122494566,-0.7590985128860617,-0.9495045627751909,-0.4749970993164005,-0.27738031396330776,0.20257833773281006,0.48260131321695554,0.3980861472813964,-0.4520116367681874,-0.5597386862209236,0.010302719924020392,-0.2531929119935069,-0.13222237348854518,-0.20477873099687177,-0.27068936835264673,1.0096870347237112,-0.4796182267251376,-2.4082294464807834,0.2544074659141081,0.006380014920246328,0.18218541771501784,0.22982370194282678
1.0322991453617545,-0.834277549941748,1.048211586409185,-0.056028143719279944,1.4038967333565449,1.0612137931601517,0.9182334981699154,-0.24568326125238327,0.3482529345287423,-0.33638715380720063,1.6809889710480181,-0.3248778996556235,-0.8912545918915489,-0.34045960222709587,0.047551878831196874,-0.9762989361228476,-0.4443019632642673,1.0148969877461678,-1.5116142904429108,-0.2823741429567067,-0.6969167873632097,0.6374915313041318,-0.24359320729453127,-0.4874314246343133,-0.251049285335039,0.09850061475512756,-0.9812982516987983,0.6368545513711181,-0.970247107810501,-0.25877152958208977,0.12930155448343486,-0.19011240736597987,-1.0186133892923654,-0.3263404323970541,-0.29902634682813944,-0.21811250095224075,-1.2470697354937872
-0.8124586920359252,-0.5838088753769229,-0.6316322753083679,-1.2718901845536614,1.4347473929484553,-0.7109205197459093,-1.7835286062449482,0.03499041766402663,-1.3588929528670095,-0.01592810551045544,-0.735938319924586,-0.03248693904085945,-0.6146940687472539,2.481829702646196,0.9277222498956375,-0.7393673273091608,-0.20306421849361989,-0.4584698398494201,-1.2898470186186908,-0.050560374314159016,0.24081569820790238,-1.0710285223171547,0.5360945271952933,-0.11930308968476701,0.20975457594519425,0.43667636908043833,-0.45748802745063566,0.4578491336373505,-0.2907431842442461,0.36373757012076646,0.977046142492769,0.40636314189785877,-2.4492026973296763,0.14220784027375702,-0.00965467225646417,0.2029204367374574,-0.0753565731097896
-1.0548883205985802,-0.8252275316744273,0.9451522659948679,0.18125500557677504,-1.4420611662544227,1.805258476482586,0.03131002139550577,-0.23554186562371687,-1.5748213347897582,-0.32480821985047903,0.7842119293680444,1.7531217259483818,-0.8812618141886117,-0.33158250349789165,0.5511514892498561,-0.9677380436615648,-0.43558548005240544,-0.6638097161759782,1.127808743642267,-0.9113942513932966,-0.7714380856524621,-0.7399237494803378,-0.7424377556972988,-0.7508876222057916,-0.8668573533753253,-0.6908382219529285,-0.7232670579893906,-0.1869279897214389,-0.6732273868274591,-0.10922700486801266,0.2645923939394557,-0.4923494551368915,-0.22155921541750348,-0.7719417332252122,-0.6771031047534539,-0.5600873939028863,-0.09543976532780914
-0.7318298641577968,-0.5035162832519889,-0.5749039127149205,-1.2031280345973996,1.48749979528284,-0.6376637957044745,0.7321376566383049,0.12496580983869693,-1.2870780825342254,0.08680125856008292,-0.6694914656089233,0.06124465506945614,-0.5260372284407185,-0.016018221726881724,1.2046134755135074,1.0566875667423954,-0.1257307799721676,-0.3901765638046923,1.1755301278548114,0.21453593796508985,0.2889481591825008,0.22536917059956713,1.0050288844426547,0.20610551396688598,0.11110275999925419,0.3567932629025637,1.205214976380501,0.885872690832687,1.2779909084949055,0.09235696863163396,-2.505672789752628,0.7816837728914591,1.3496715380910536,-1.2682859515234373,0.41945688663935937,0.4721319391555617,1.1073867292351405
-1.3229642872975438,-1.0921855765711221,0.2611072770187846,0.013928509601309152,0.9178337637750786,0.4370416055645542,-0.07194960491620987,-0.5346934330110189,0.24237501443741116,-0.6663643891055419,-1.1566500158325597,-0.6259533766087452,1.538868079000365,-0.5934397562794292,-0.3923337285734073,-1.2202678227767576,-0.6927048855475312,-0.8908722504646083,-0.560249475955175,-1.1408538713592005,-1.1360285656830085,-0.5051526457653628,-0.8815888409566267,-0.55565851905887,-1.2987532852658656,-1.0619488032214264,-0.8668906616922317,0.6792093268881462,-1.008927345081873,-1.0274277278206403,-0.009608653057848174,-0.994264480615523,-1.3188789094223883,-0.9753232813977374,-1.2033466510016815,-0.9767685794158398,-1.0051316024670496
-0.9012626206592694,-0.6722424767040249,-0.6941124278201005,-1.3476242516038905,-0.3913177146729062,-0.791604873768626,0.5500724117998317,-0.06410774008935262,-1.4379892610604867,-0.12907338313040093,-0.8091223393774414,-0.13572214674729147,0.925133924492033,-0.18152054815699054,1.2283002438515205,-0.8230213629765856,-0.28823863235260805,1.7543017417000848,0.7094355933310122,-0.29026395952152606,0.09245546358619637,-1.5357098322387779,0.20309449772417335,0.08966888682939637,0.10298893680941669,0.5356476846881545,-0.10648048285205393,-0.21624846691001962,0.059533535376418735,0.5147649623152339,0.7234234144113115,0.22243790699264354,0.2142030251242373,0.0043606571974466775,-0.18550677770515012,0.00840082852147589,0.8983826542499854
-1.0715926641247533,-0.8418622152827404,1.2766022767681249,0.5761171431127882,1.2950695260233371,-0.9463611975115054,0.333491200910971,-0.25418259127161563,0.050905789148710814,-0.3460912600833518,0.9533171992281414,-0.33373205113323806,1.2970288340960785,-0.34789934666419725,0.35147105491656055,1.1398852856734616,-0.4516070985865991,-0.6779584316366969,0.1777361995979035,0.056583243134347795,-0.35931489345381046,0.6572723749209639,-0.36161324200506056,0.010277376857368868,0.054034363323281466,0.6858146120169325,-0.6625839342573117,0.7721816223859119,-0.7034109959694749,0.024116020331781302,0.6834562124245974,-0.11538866447592722,-0.19335740656877973,-0.22973753368445315,-0.13223900034564934,-0.2574117748320686,-2.530526620001627
-0.4825544833251317,-0.25528042262112755,-0.399520187543206,-0.9905401604052012,-0.9920063043230635,-0.411180312506827,-1.4504245513759657,0.40313741099120987,-1.0650522932134148,0.404403560680705,-0.4640616540816425,0.35102908370108915,-0.2519421161536245,0.22747457329943815,-1.4329580261666728,-0.42859483255410874,0.1133564403911553,-0.17903827936762196,-0.9989649000828319,-0.7805035535367829,-0.8378435899326488,0.3025137500735726,-1.4896259944852552,-0.45693623419334556,-1.7754808666422963,-1.7922942709913943,-0.61925951289083,0.8372134630341576,-0.4300917231066716,-1.7999493506002604,-0.0273560539862665,-0.36131791863828644,-1.112376216744427,-0.7760582788594266,-0.8461066096606978,-0.3197237032971874,-0.06101070253851148
-0.9143437420534649,-0.6852690476251408,-0.7033159672625996,1.2973017016782873,-1.3315439003285534,1.513513600819264,0.8317824730419348,-0.07870523652457581,0.8396138117091072,-0.14574006820470717,-0.8199025949068832,-0.15092904474265587,-0.726723560515156,-0.1942982191797434,1.1196813126845435,-0.8353438875838165,-0.30078511385000406,1.8733824930538552,-1.3796807897974463,-0.4637452973038041,-0.6923257760834639,-0.10767685251426064,-0.4965921539956589,-0.3078712172674499,-0.41071828355177287,-0.9923031605303672,0.07284191192782889,-0.10091486741380246,-0.00462225960395199,-0.23705560245585966,-0.8011146374352449,-0.1915819352176237,0.6444979445579124,-1.1023505713942967,-0.22509732577681624,-0.28879587931077766,-0.8423485266704316
-0.7991475320800955,-0.5705532251936078,-0.6222668866702611,-1.260538116055803,-1.2409593306278275,1.7217461097982183,-1.770088337102509,0.04984461893228583,-1.3470369052055975,0.0010316721930046689,-0.7249684877983592,-0.017012619557966804,-0.6000575496069468,-0.08177428260341654,1.5201302951299127,-0.7268281044731673,-0.19029710036498573,1.289056196922716,-1.2781103438328416,-0.14494121008960795,0.399012579946612,-1.1475655360623318,0.6161450014844155,0.297548329229735,0.6445999730564825,0.1551638055117139,0.09305327180947816,0.7130956876673232,0.1683577281479304,0.5194372874706322,0.716217433792985,0.329074013529964,0.14081476605631804,0.19205019954603728,0.014649056235180076,0.05983983376958035,-0.9389541664740644
-1.0142164476904503,-0.7847252673068278,-0.7735838256410843,-1.4439539167726756,0.5625938227176083,-0.894231038057587,-0.04236390306181986,-0.19015527361076237,-1.5385955163578726,-0.2729880985692252,1.3782100466690301,-0.26703178558386675,-0.8365403437632439,-0.2918541196507769,1.0975408465363803,-0.929424802798668,1.6997997930967332,-0.6293603074859572,1.0663192194453452,0.22209865951650445,0.026777827846959236,-0.20682882259391,0.5270222805584187,0.05928758553183324,0.6686602834085922,0.3448011402373437,0.6671903287892419,-0.5823754550323292,0.7972026225066152,0.5037128036188119,0.5456997030814419,0.7185510792756208,0.3583903612195899,0.1604837729389043,0.407391630560018,0.5367096080175591,0.7951869102303281
-0.9762346276212592,-0.7469018378060568,-0.7468607971964575,-0.04341792234175591,0.12303332487580614,-0.8597219947709126,-0.39009363017891535,-0.14777056771625627,-0.6497676258440926,-0.22459537943101193,1.0886036158225685,-0.22287764573108867,-0.7947767680665264,-0.254753385924319,-0.1722042276496795,0.8636386443765589,-0.3601464504842129,1.4027405720798545,0.6333752153036347,0.37271722096528886,0.6817789400475632,-2.347385919926294,0.7795957099078136,-0.057037113657602063,0.4694587399062198,0.9803653558519254,-1.565768970765916,0.3081044235893458,-1.2743602881776321,0.878246462188042,1.4320862012066384,1.008375816766405,0.05344685600195332,0.5171877433762103,0.2555508521140562,0.9148213020803337,0.8326310369596819
-0.8452571419484278,-0.6164705502450629,-0.6547084182724179,-1.299861469645705,-1.27721763435116,-0.7407201219162243,0.942571214680036,-0.0016100572685776788,-1.3881060332201423,-0.05771668151584698,-0.7629677817246479,-0.07061537369072174,-0.6507581789757919,-0.12681426106783691,1.1348360722530653,1.0345566112050266,1.7338284577535745,-0.4862503949270578,0.5235469678866773,-0.6695054042278352,-0.6317238384693051,0.32539437590037157,-0.3635132035837947,-0.7290202530283405,-0.8851669237154532,-0.3078005063942332,-0.32084539422697483,-0.3452037371926795,-0.19662977670665233,-0.3350356000123533,0.1873136040147034,-0.4956212738857261,-0.14456150359163436,-0.46582157920807343,-0.36866407391239364,-0.5703678948313944,0.39997761239582075
0.49683931518265595,-0.9901512101707329,-0.918721466169015,0.3126140146642541,-1.5722920283394262,-1.08165594500189,-0.0381035665042711,-0.4203543403350199,-1.7223314882493568,-0.5358177808039618,0.6585533851475088,-0.5068409707984642,1.230664640233812,-0.4933549699780836,0.9492174805619467,-1.1237481017875666,2.310386755039581,-0.8040863967984546,0.37856447866146065,-0.9449933203228581,-1.0214665952787516,-0.010866543881641495,-0.6954062662073244,-0.48418449548953574,-0.9771117397835988,-0.4774418628090255,-0.7354785722034333,0.1846658630518512,-0.7309129679430963,-0.5183492485127763,-0.23492436040323428,-0.463727692679706,-0.6888678388359093,-0.8913684313061864,-0.7565613911772489,-0.5778382272146053,-0.17989919602922638
0.9886004805669332,-1.0534200203285045,-0.963422177760209,0.1646648334672809,1.1408391271872114,-1.1393806446721413,0.7938793762765936,-0.4912529855987398,-1.7789200386665616,-0.6167662775581114,-1.1245692322889063,2.172159584675142,1.1630865865678133,-0.5554148971141314,-0.18044410887482562,-1.1835974262767603,-0.6553680194544085,-0.8579000077776968,0.36561925810103185,0.13993137699325917,-0.5374186664553908,0.48311069833652026,-0.2067132845320961,-0.25785244809852254,0.1903848466391014,-0.03465653709888054,0.04169792454859519,0.2913498029219257,-0.2481734759794535,-0.5283057822135784,-0.4556595990580452,-0.5831554515218759,0.7419482399179245,-0.20953760242922728,-0.12905272233638246,-0.7179042316777016,-1.145738131618033
-0.95559651388471,-0.7263497884697889,-0.732340352957067,-1.3939614663693396,-1.3639830281970782,1.236520316571446,-1.9280547674881414,-0.12474006577223411,-1.4863836331398903,-0.19830031406089688,-0.8538993302201047,-0.19888568961731884,0.16081169161230296,-0.23459402650022565,-1.8597838139305263,-0.8742043400395645,1.6784550825536602,-0.5797087445589827,0.7366735208824389,-0.54673905654396,-0.4956849339324614,-1.7198891822229956,-0.3960021389299261,-0.16242481545920257,-0.22817138846933185,-0.1081866835211715,-0.27813134021996866,-0.45358220050079123,-0.24536547117122956,0.1007314329652215,0.3205738783325661,-0.0353349419181205,0.11612928435027553,-0.39881062006320006,-0.2933020000493032,-0.20023028551907684,-1.2788898923627587
0.3039725673271081,-0.8643734961364077,-0.8298569323548376,0.760649637492444,0.6662678387507227,-0.9668998629807974,-2.0680008096228155,-0.2794085961813994,-1.6098340587221804,-0.3748930399899239,-0.9681220866751601,-0.36001116585650045,-0.9244856960948149,-0.36998050238743463,-1.9848441172019107,-1.0047682884802234,1.7550021454608766,-0.697105517024945,0.8833031795340183,-1.1070363324776809,-1.036544134089819,0.08162634725546833,-0.7261346605613307,-1.0300674974724353,-1.4209784578283162,-0.9478263343460607,-0.5640799107925772,0.6044022884358884,-0.6369500791943415,-0.8046781558462486,-0.08374683166786744,-0.8558998640989469,-0.807611611294569,-1.1102353477621358,-0.7646020328919967,-0.7015426223342681,-0.45111805324699566
-0.8911950386473367,-0.6622168781998489,-0.6870291369197858,-1.3390383822291323,0.2888376421771718,-0.782457797014299,-1.863028641798671,-0.05287311515912936,0.16541391471217382,-0.11624625510396971,-0.8008255654708553,-0.12401851002518594,-0.701269998120791,-0.1716865096929684,-1.8016743677808271,-0.8135376174062398,-0.27858252355047736,-0.5251601687974503,-1.3592701866273738,-0.44861027889239785,-0.9215471100038704,-0.020184227626719124,0.08489065382675698,-0.31293661303094966,0.15312226421573574,-0.34089926313974506,0.17534228174955627,-0.7989965124084015,0.15007349193727035,-0.33339294582323875,0.6726232370819762,-0.08652939031649208,0.5565235994486275,-0.20938431204204216,-0.12622896652700608,-0.21731907157672486,-0.20936753080657441
-1.2031423209702792,-0.9728632879665472,-0.9065071946735775,0.9596154317458421,1.1532869399239818,0.8235830675848703,0.8171676887209155,-0.40098159947510975,0.7385863542358145,-0.5136989625277557,-1.0579037863524736,-0.48665947628982886,1.730362167719887,-0.47639736970632235,0.6565459281799829,0.7244595727552531,-0.577780175486074,-0.7893820658996195,-1.6343193795679438,-0.460999691533071,-0.3597977859170452,0.20018707714876915,-0.5087259789425153,0.08542023599338011,0.0321051215374032,-0.211007213088441,-0.5281441699785184,0.7797466429232528,-0.472780358569214,0.13775871751936267,0.642303346511939,-0.5480617239303784,-0.45692074549775225,-0.45022359188349054,-0.10513646137023036,-0.6507840111643637,-1.8791620358797734
-1.021569386037645,-0.7920475426662497,-0.7787571633127841,1.1582293108796793,-1.4158608133887625,0.7689682659141949,0.659699564535187,-0.19836057100668883,0.5180960550562186,-0.28235649322825357,-0.9082680955872252,-0.27557962946073866,1.3891794552301668,-0.29903648761601326,0.6099788205083269,-0.936351331571573,1.4306597851066358,-0.6355883063481488,1.1943678197175103,-0.17869454755377803,0.12263429112366746,-1.3805636592266533,0.40588913504950647,-0.9852790018540275,-0.2621835491564438,-0.4701166305984661,-0.30315070690300205,-0.15006256069035726,-0.13780774879222563,0.16796634038623123,0.7669225224258173,-0.37378569969195663,-1.224234708762563,0.009644320059772064,0.17401885749785942,0.4850207822137084,0.2665058159392482
-1.4572430229523614,-1.22590434734726,-1.0852858912841392,0.307294518230625,0.7381664914394714,0.35309386859516734,0.17884656914525437,-0.6845378772279544,-0.010319271958122095,-0.8374492167662606,-0.19777683340704466,-0.7820533755702567,1.653677029702192,0.2431855978964703,0.10159714063539364,0.10856555512457673,-0.8214955007874812,0.7687317934720033,0.34171036831871504,-0.42167176608776646,-0.14437700468539,-0.6001210071277971,-0.7447306552840015,-0.6413385785340646,-0.745616214269258,-0.35112892002482915,-1.29125488655674,0.04236550273541628,-1.1435565355122255,0.4433664986030388,0.7429994348588942,-0.6177068759364689,-0.9158626818526537,-0.20019670482495097,-0.22025797803093036,-0.03289448748160276,-1.2393571058117694
-1.3222398666624666,-1.091464176891754,0.5793863814714174,0.20867658138993778,0.6886141454805184,-1.1740910731809953,-0.032398191612547964,-0.5338850369018878,-1.8129472894776788,2.14906999619606,-1.1560530150616324,-0.6251112323940877,0.5041316976706794,-0.5927321404506201,-0.07852931045242437,-1.2195854125435124,0.7200924546910138,-0.890258660267333,0.19302905967192727,-0.647115970434706,-0.3842519293467918,-1.2007135216980858,-0.32637029337134127,-0.6235209840022433,-0.4119684916984102,-0.23123901648726386,-0.8292644142364959,-0.359524233263034,-0.6488709711939668,0.06767245079650028,0.6144590514209057,-0.20232177665258821,-1.1042619452090963,-0.5174532294047982,-0.4869425557993166,-0.1660251798520882,0.5384744430849032
-0.7293119029767022,-0.5010088223918902,-0.5731323402062234,-1.2009806584184952,-1.1860440655025877,-0.635376058275508,-1.6995753499552022,0.12777565528370355,-1.2848353728175888,0.09000939834947846,-0.6674163938985224,0.06417180310847544,-0.5232685601094886,-0.013558671153918959,-1.6556072269253617,-0.6610423639272632,1.9895967253941544,-0.38804383010961335,-1.2165350889360862,-0.9549233503337275,-0.8659836724633159,0.26891960921102864,-0.9376827875971537,-0.5027397835099061,-1.1232993358892305,-0.5297793384787239,-0.40556153782793275,0.9489130803506691,-0.4454630741786755,-0.7461801956109603,0.13224089915491125,-1.3080039051512458,-1.8092390856175828,-1.1795773315736418,-1.0156714215328435,-1.3974991733637767,-0.8157981725988753
-0.648795325880276,-0.420828012944047,-0.5164829543660461,0.8141825563988974,1.382073139627562,-0.5622213216342997,-1.6182778168931053,0.21762578446781136,-1.2131204825483233,0.19259574345615307,-0.6010620463392501,0.15777290487522166,-0.4347351471166021,0.06509011613375018,0.4725065494521572,-0.5851950819808562,-0.04608995509563848,-0.31984563139420763,-1.1455422616102735,0.9122139532392204,1.295871474108778,-0.04258024457036861,0.9423781235378492,0.6365976682408551,0.06781844616115709,1.0901990367080643,-1.358164210780991,-5.045010298851748,-1.0378527204707295,1.2726839316446616,1.8552578885312543,2.34466211613661,-2.824170389367813,2.4961703028957465,1.3441201316760898,1.8237683819905093,0.6719895810486187
-0.6902281632634736,-0.4620880684370554,-0.545634029536109,-1.1676491312000332,-1.155310556604713,-0.5998658467292489,-1.6601125245829642,0.1713900163118192,-1.2500240804611091,0.1398060756905807,-0.6352071750970091,0.10960693249731918,-0.48029334936259094,1.3571646830787518,-1.6203419715903917,-0.6242251576766908,2.7459108337792197,-0.3549395832125819,1.3067844698346667,-0.5099586821948525,0.1462647654544059,-1.6967159217722532,-1.8630680680070582,-0.06632839313220158,-0.1386609190049935,0.4367212369615828,-1.6178351147884933,-0.9777675936642355,-1.4250859379985001,0.6719632979534248,0.9970656714980717,0.10789552859459839,1.213888644367057,-0.16185738963144564,-0.1544588288393606,-0.13307444217141015,-0.49935521935736454
-0.8172484809061435,-0.5885786900231472,0.5538985245956776,-1.2759750285135738,-1.2551930164492748,-0.7152723657384207,0.6549457723007166,0.029645392275797332,-1.3631591449435714,-0.02203078587452344,-0.7398856227893039,-0.03805510315873567,-0.6199607650163702,-0.09945533320520655,0.8672684997225515,-0.7438793480631992,-0.2076582433960487,1.295278066464466,1.5059038689504958,-1.1167779584671351,-0.9324863747242707,-0.12634895321251366,-0.6019307063439211,-0.49627010207773686,-0.6782290372622949,-0.8472631502827169,-0.3408422142204831,0.6988485814374514,-0.40276380426718056,-0.5393677605361742,-0.4514495338212344,-0.9224050089394625,-0.27836682864710005,-1.0757358829558195,-0.5885310585367909,-0.9911479255216749,-0.7850729624338234
-0.9735611361942625,-0.7442394952873015,-0.7449797976203458,-0.13107605465978978,1.4300417019810803,-0.8572929476317099,-1.9461936344001052,-0.14478716282311768,-1.5023844489236449,-0.22118907821876402,0.22625798007693404,-0.21976969265912505,-0.7918370837285327,-0.25214191303091166,0.3195648695189818,-0.8911271629228764,1.5037180435822972,-0.5949249264471774,-1.431893767404375,-0.3991580849664141,-0.19536703443864875,-0.0192942266557423,-0.12064732711543298,-0.4293222248124422,-0.3460963035925723,0.010942911250776946,-0.7295641021231962,0.5463538195371253,-0.6465834780304212,0.07949364138793294,0.7102058819303944,0.1737207345076492,-1.107640480864061,-0.22574602817114775,-0.22028384130539044,0.17305623858763713,-0.11176045630853242
0.3109535798675088,0.7227898612090369,-1.0673902103190092,0.7001723753888313,0.10316431761937093,1.3855807898934656,-0.9710699499498652,-0.6561539994028551,-0.15672459649120682,-0.8050419368605757,-0.09716720189869504,-0.7524845562378085,1.7742298051820986,0.9202820613224084,-0.09976764363792583,-1.322799159216075,-0.797099687468585,-0.983063457289732,1.0955000563364024,-0.9526072723060828,-0.8539587518745786,-0.5630495537580051,-0.6599444274615953,-0.49957145844389844,-0.8389008775498275,-0.5775986527819381,-0.5841429103439987,0.002608390454414794,-0.5910998691077425,-0.3209745462845682,-0.41884965149449116,-0.6429301296788018,-0.13251383606001538,-0.9009365537169842,-0.5684055922563975,-0.7217452221206833,-0.34742281993513285
-1.3517753377763728,-1.1208764801308777,-1.0110815496856422,-0.19375472728194057,1.021199231244974,0.3780694528900529,0.2998643921533844,-0.5668442856776996,0.45280239903545333,-0.7030726108642404,-1.1803934302443582,-0.6594464306496058,2.098076016479782,-0.621582460084759,-2.217255936234082,-1.2474080707560387,1.204799569439562,-0.9152754456402011,-1.7653716234355983,-0.35321995172992915,-0.32253974087478576,0.10163490149065739,-0.9881020594188633,-0.3079532507154562,-0.2974784647932336,-0.5187002991413219,-0.7963248259093814,0.3360142357519568,-0.8022449167121833,-0.05939011542408441,-0.2562772074526239,-0.3722688505320259,-0.46062091361868995,-0.2084767268947132,0.025923707653393198,-0.04694381604815348,-1.3844409932995083
-1.2246064659200708,-0.9942379238271732,-0.9216088131581047,-0.026079613811752587,-1.575519074009431,1.7381941070120492,0.21302568298132438,-0.4249338868935823,-1.7259867047962059,-0.5410464760540947,0.5784778651894212,-0.5116116996484499,0.5361161753018315,-0.49736359841778605,0.1498843292775098,-1.1276139410709163,-0.5983670570962001,1.3459036645063267,0.3458272351331662,-0.6375140821054649,-0.5860384683576547,-0.27023815799418455,-0.45607292670859273,-0.45894020021351106,-0.46512927626252754,-0.4915193847710168,-0.16190189295567634,-0.5726283677938181,-0.4107972225396339,0.20657176212704348,-0.18259290684739898,-0.5485222831251562,0.5692105815440206,-0.7255621828900076,-0.22236327137328094,-0.5960905445744649,-1.9630935042712865
0.6002974926185852,-0.7403182319379438,-0.7422093446654751,0.26318187884207517,0.9873457320643432,-0.853715296201168,-1.9422177573918171,-0.14039301887606911,-1.4988772135545754,-0.21617206631801697,-0.8654590408183235,-0.21519210642190714,1.0982329861235165,-0.2482955736239345,-1.872440319149007,-0.8874178318635746,2.028261578403024,-0.5915896757936044,-1.4284218447114387,-0.1909617703595233,0.5215376030863982,-0.32452924930365945,-0.17937920342469457,-0.23647615307667,0.24790602030107814,0.26247566558386765,-0.48041874512632216,0.27183940729313344,-0.391376638605754,0.4503840642614052,1.0270684408036261,0.017454851543792685,-0.18852041805779937,0.1603434771441551,0.06981682353921702,0.16432224777179355,-2.487160822891477
-1.0786278422608275,-0.8488680555444875,-0.8189020206650897,0.9629883256391165,-1.4607287452934627,-0.9527531309782268,0.05420632325180295,-0.26203329341463477,-1.5959657655696962,-0.3550547957697971,0.9104390119011072,-0.34191049647218064,2.4841842410730277,-0.3547713256865087,0.4087624447629214,-0.9901008695257709,1.562175531517764,-0.6839172850035965,1.17191922821016,-0.7747155904088349,-0.47025822555763563,-0.2109092653325027,-0.2971266176473111,-0.0714753036524855,-0.504319483128587,-0.5840460508643018,-0.15050919684460237,-1.179763183125389,-0.11932010100178052,-0.038017440003641614,0.19534669151870718,-0.04514711822033253,0.2104926471382835,-0.5906656674460955,-0.3503984408468693,-0.14343584354638803,-0.29332742968201236
1.17327201736792,-0.7837133781019966,1.4953005385045208,0.6120997457549521,-1.4092797969703996,-0.8933078185391103,0.9690001437430469,-0.18902135669971865,0.6143517980911227,-0.2716934494394474,1.640987040922881,3.32292684364174,1.6047218047745966,-0.2908615647068009,1.3137891720133446,-0.9284676031102903,-0.39560131516122454,1.8789239363477548,0.8464644219320299,-0.26210175894731524,-0.3355578120547153,-0.7587624282750107,0.44464655094539945,0.2859894759452382,0.04549262687505499,0.08083736573693903,0.4586170369004313,-0.9809201655743193,0.4378841710713246,0.2727382863475105,-0.07275890206473401,0.05234651593013182,0.7327917060703397,-0.11907599910424467,0.010277202991058157,-0.13225353789230068,0.14817884527821776
0.9099739282338015,-0.9141553273928766,1.1568651698081391,1.2779492931117304,1.1632025191452293,-1.0123194188591027,1.0752994804834253,1.6917912606479288,-1.6543596576846489,-0.43858578837306883,-1.0093194873509104,-0.41812524933432793,1.536273754251346,-0.4188111475785077,0.9735120936751883,-1.051859564025078,-0.5212358749523524,-0.7394477089262864,-0.441958955649032,-0.6567484727777708,-0.49972958796120703,0.4248084015011913,-0.5430947256057833,-0.22029600276112074,-0.7657292430507172,-0.1640857467019708,-0.21025922746961123,0.6668759050126221,-0.6124253291806588,-0.34770870898394385,-0.261975458526827,-0.7243828908416777,0.2719706425070788,-0.6205239624805723,-0.31212577713792583,-0.9135598773920302,-1.33021209867162
-1.3435676051287613,-1.1127029751068274,0.34808483246754807,0.7386511971447186,-1.6690641967944473,-1.1934687609431789,0.5776214326488132,-0.5576851054779088,-1.831943581656992,-0.6926151209373796,0.5172392062881217,-0.6499048822315294,0.02737077615806563,-0.6135651269790189,-0.2652181731270442,-1.2396763186782203,1.4471765442501117,0.7226317967045643,0.6387107576619945,-1.0585671406892145,-1.224504155054961,-0.32939314762514266,-0.6062142510792997,-0.7450626189794763,-1.068040950065973,-1.0846645010829699,-0.42198836389434097,-0.38128861893942106,-0.5950670843255834,-0.5167397730884368,-0.1883863650265428,-0.6770113872920961,-0.3296423165899667,-0.8193180368084241,-1.0586652745796958,-0.725616143052379,-0.964965361680198
-0.5046560747431131,-0.27728984669111717,-0.41507029691285474,-1.0093889144222183,1.7156223486985798,-0.43126109782880745,-1.4727405131794147,0.3784737837520417,-1.0847378444436722,0.3762438752298887,-0.4822757502522416,0.3253358242242982,-0.27624430821607165,0.20588568533578244,-1.4529002904019577,-0.4494147145733896,0.09215816545489812,-0.1977585078945386,-1.0184522469093533,3.6723515357650482,3.499523485625024,2.8351595697376375,3.9701124999732005,3.2397367594776703,4.534074660012044,4.30732487725456,2.9360289080974833,1.4214436839528604,3.3194730537367,3.629878350080617,3.2361303468141402,3.6878697637739997,2.6387117235920514,3.913946436385733,2.8961218491958887,4.489835131173256,1.977224665397604
-0.9169642735519712,-0.6878786510672018,-0.7051597055997054,1.33586666675838,-1.333604555954587,-0.8058708836217479,-1.889047820732911,-0.08162954232796128,1.0484781892505672,-0.14907889305746672,-0.822062195626542,-0.1539754315156666,-0.7296050118359229,-0.19685796068688463,-1.8249259464518202,-0.8378124499418339,2.8343047646683415,-0.5469869213265047,1.7166284243606271,-0.7684786127454035,-0.373093891597335,-0.6194759296793991,-0.20244633025930703,-0.17018447573920867,-0.7952583122723169,-0.4002220754273465,-0.31174659413564426,-0.6504678083641753,-0.30377796434960913,-0.26086026942182644,-0.15172498468834028,-0.7422398251629038,-0.04373598467127919,-0.7439741126841531,-0.3863513195667718,-0.7948082747070966,-0.4148794648463928
-0.6341189774169776,-0.4062128673186115,-0.5061570543240387,1.4654828407511968,-1.1111890837078366,-0.5488868699548474,0.6039635004064702,0.23400342809018124,-1.2000484822528008,0.21129491079108145,-0.5889671515740588,0.17483426584728898,-0.4185975110348718,0.07942600881666073,0.7446736039282355,-0.5713698402730972,-0.032013445223494245,-0.3074146443228386,0.9190771449204679,-0.7999760991403928,-0.6619689157428624,-0.8927899964235669,0.0125908262277821,-0.12930253365066463,-0.8720463471910407,-0.09245184704209149,-0.9040786127529359,1.0482228415722017,-0.8362381181634403,-0.23617456925552957,0.4805017965554528,0.32314919338679565,-1.5975206840223948,-0.6064718700237544,-0.5323351726129841,0.08290656213459001,-1.626468962009607
-0.37316017543874297,-0.1463423073704913,-0.32255317553580853,-0.8972461364040681,-0.9059840618388005,-0.3117882112518019,-1.339969193201113,0.5252128027931592,-0.9676164474650387,0.5437830850747816,-0.3739089403391496,0.47820075585145827,-0.1316556883341971,0.3343311978816604,1.2356709430794648,-0.32554448922351453,0.21827968194337072,-0.08638040670823699,-0.9025100892815181,-2.594070117685464,-2.239018897027576,0.40973128585451746,-2.529861269737013,-1.5574568156611772,-2.662002831580869,-2.1461655054048827,-2.054785506880768,0.6183159802541901,-2.051512114085038,-1.5187610698708591,-0.3591939009962022,-2.4404515490066565,-1.9626364863089343,-2.5200226882281447,-2.158755613073921,-2.259441617038294,-0.05702031741092537
-0.8393356078799524,-0.6105737099681257,-0.6505421797125114,0.1341975637167246,-1.2725612344949058,-0.735340009138051,0.4494615365275903,0.004997906211829941,-1.3828318129134611,-0.05017204214572018,-0.7580877986971387,-0.06373154761482139,-0.6442470524458112,-0.12103009226480321,0.5288112342619602,-0.7646856044563679,2.0516950448599056,-0.48123480718519074,0.9049564025010611,-0.18754965510688262,0.16333983405379793,-0.4053235987698428,0.5412186377395907,-0.02020330913164,0.4427165891051809,0.16892424519023413,-0.47835742444502427,0.800733757945858,-0.39998980076163154,0.7868582325314715,0.9332071439295215,0.28121071223457306,-1.1043523410782663,0.03991227917728884,0.06588507675059624,0.01859243307769905,-0.6447953188842789
0.019348482441573066,0.9633862471568865,-1.0871638551111449,0.9497605971554465,0.8908996829355907,-1.2991756659930778,-0.04989645428356458,-0.6875164671977663,0.3532346119569465,0.6709667368008143,-1.2695098727695664,-0.7851563127103302,1.5291361528889575,-0.727210808336365,0.32630296781073037,-1.3492738895139196,-0.8240555852588429,1.3523764273256673,0.12646312210019578,-0.7451124195548376,-0.7004738407487883,0.36430526364287097,-0.26990486201622044,-0.1497784410358469,-0.5514818878541051,-0.33805572598094064,-0.23325892232861406,0.4399824206656072,-0.22875919774223188,-0.13659565191366482,0.3315819335871708,-0.5332593662797696,-0.1273078588527189,-0.5041324727529037,-0.4585032170241361,-0.47237453113591066,0.06558996899065224
1.008695254527413,-0.8834718713933118,-0.8433503260521491,0.5681101157376857,1.0726604786088945,0.623517975523052,0.3468902114981941,-0.3008101197611238,-0.05671444962833371,2.3975394908808547,-0.9839271183073036,-0.3823061386599844,-0.9455735892672142,-0.3887139632175778,0.047728099117548724,0.4039562505816275,-0.4916832463054169,-0.7133497380534067,1.5487737192760063,-0.5492464906799138,-0.4264198482460757,-0.43975659420632784,-0.08076756852810078,-0.6100067591072564,-0.39199390583993515,-0.04853297414228753,-0.2339772663269292,-0.33577308335548395,-0.1864806420608819,-0.04922266333191135,0.2067081610474856,-0.24093008167580038,-0.5694750651262604,-0.35896329355163703,-0.3873273652667763,-0.11404322839203898,-0.5150583187714832
0.2455439051329952,-0.851764324146581,-0.8209482938153191,0.415278123590147,1.2914545457941722,1.1227634274175629,-0.1255912693128893,-0.2652788344592068,-1.5985562306251104,0.42137611226708394,-0.9576872533726621,-0.34529152909127303,1.468684548087904,-0.3576122550158913,0.5835594137212958,-0.9928406036687446,-0.46114426891313465,1.332428344044803,-0.2071024872171079,0.07208969915187002,0.6419498759371026,-0.11277665443250416,0.6688354924066499,0.05614608737454803,0.9809000732132924,0.919286541992135,-0.6991435815235596,0.7290446274032824,-0.5144946748136189,0.8626198515321992,1.4502468119683278,0.6932181349326391,0.057983807094052646,0.28969878685132056,0.22370205523009135,0.41050434220224463,-1.3926276444523955
-1.1733716997538326,-0.9432168152403021,-0.8855613538441479,0.1455518070461403,-1.5352306022970466,1.1203827337719756,0.07564694224644675,-0.36775994179106025,-0.15513861762140418,-0.4757681496158639,0.7452430427831253,-0.45205091434360156,1.080342526276077,-0.4473173548831638,-2.056282347378075,-1.0793503673447875,1.6326662949965862,1.507001669388168,0.9677109386513846,-0.3928011304070326,-0.07576444413818688,-0.9387201346120946,-0.2862579480847899,-0.4585603170909964,-0.23185918510745152,0.06831520703248121,-0.9620485823736337,-0.09799906045904727,-0.8225465768578685,0.23646828582664764,0.6874902913466957,0.0621682943555097,-0.7301706836288412,-0.33957177487490936,-0.3187678737394497,-0.03176869780997334,-0.35871319868800805
-0.8739523596127654,-0.6450461040326165,-0.6748976329143687,0.355063418271759,1.1142400472771916,-0.7667916610550873,0.20841781292990447,-0.03363164967953052,-1.4136644270349483,-0.09427732043495395,-0.7866157373985228,-0.10397377124905272,-0.6823105082974308,-0.15484381909975706,-1.7861162998151028,-0.0022761371715105064,-0.2620445718754181,-0.5105554787622868,-1.344067024999306,0.5980949847520259,0.7844045514513307,-0.2680804076872687,-0.12247206584771325,-0.43934795738160676,-0.5558510059634189,0.20230423748430357,-0.3506992664619074,-0.039492432646938254,-0.19014853928107775,0.9020455661566374,1.251780505020893,-0.716643159892611,-0.14399337168378903,1.287521622720693,0.8271887686090275,1.101384719951627,-1.4959460155252924
-1.3908062490930226,-1.1597446259924193,-1.0385426916592095,-0.10122198930119573,0.769705919390412,1.147744574936979,-0.07747785344441846,-0.610399694395268,-0.2843255952197994,-0.7528019794309475,0.5559910506076234,-0.7048201466462928,0.43128123038043115,-0.6597079486796203,0.02271268367881804,-1.2841755122198482,-0.7577740713431559,-0.9483349464536605,0.6022501795844752,-0.3356914208204379,-0.06449914534885101,-0.9426610438006016,0.04342040771001708,-0.12566447193957828,-0.10852527684786067,-0.015475220249035741,-0.05812377815944474,-0.43115829621148893,0.009426287495105866,0.5361508153223985,0.6028340941678679,0.10173352563552464,0.2773602231056174,-0.34743984259196947,-0.1167474389538781,-0.10283990978553678,-0.0401904073996089
-1.1853904397580974,-0.9551854350803015,0.9428772920155793,0.49069181073714446,0.9536454376157255,-1.0497541459827604,-2.160077537951765,-0.3811719046558022,-1.6910575869123883,-0.49108125226239496,-1.0432743207410216,-0.46602278630855115,-1.0247577057012336,-0.4590572891941963,-0.28930061455513206,-1.090672119890879,0.4645009555292201,-0.7743460774592418,-1.6186672457707574,-0.30261408834604164,-0.0320617805935506,-0.39096880503936887,0.08508781302201235,-0.3120427545859975,0.035082471477557435,0.04907009981443818,-0.9452678684239778,-0.2513269628955523,-0.8415870632400991,0.5577443274637782,1.0491505085576274,0.24984404340809616,-0.46609092932229496,-0.12882198217606164,-0.33432515436603233,0.09416625816377809,-1.051521669348367
0.45571145151825304,-0.8875893844368575,-0.8462594334397155,-1.5320462010049227,-1.4913047795458354,0.724865995964416,0.16367167958262527,-0.3054241799262371,-0.553507869992208,-0.40459632118088257,-0.9873346031338193,-0.3871128219557614,1.684262638515793,-0.3927528025576406,0.8947044990192781,-1.026729429028523,-0.4956490099379928,-0.716851909890917,-1.5588170798235241,-0.4384543448369087,-0.3040300239967388,0.5130647551497048,-0.03517321735004284,-0.2312112412519865,-0.16354351846701132,-0.11851460227783535,0.09468728265399987,0.6969949404726467,-0.14629076912119007,0.38304845232985235,-0.25516853981170284,-0.2619821654206055,0.6114969353515927,-0.41370041496492693,-0.17375482703631145,-0.38016761596538506,-1.8417898604076246
1.016144037228459,-0.6800731694306533,-0.699644972785928,1.079394336266285,-1.3274410104177397,-0.7987493796432812,0.4243280075597064,-0.07288276690604108,0.5259828960134167,-0.139092266102651,-0.8156026993337793,-0.1448635045342323,-0.7209864167619175,1.3702745089638562,1.4155349945915325,0.4860794820436969,-0.29578072781283227,-0.5403479288869852,-1.3750803113786403,-0.6641838801078932,-0.6470319530521981,-0.5814293413963657,-0.30256452948261375,-0.6282918246233136,-0.608482526366296,-0.23734881519453876,-0.588667409638206,-0.1907466528042446,-0.5222623888433168,-0.686725260957957,0.25805731342315286,-0.20771542401115176,-1.2282287924679425,-0.5544462895869607,-0.6355462859005767,-0.31666054236779423,-0.2932626672967218
-0.9561917181485968,-0.7269425106319357,-0.7327591233173403,0.7433360567835536,-1.3644510672249306,0.8543284886881475,0.4829792689204761,-0.12540426663533233,0.4591153353990146,-0.19905866510146497,-0.8543898427582545,-0.1995776188682276,-0.7727382358050622,-0.2351754234650654,0.30898527459240616,-0.8747650273818078,-0.34092271688562953,-0.5802128874340107,0.6373550097796357,-0.5737428170942772,-0.3544431448997055,-1.3865467149353006,-0.057433594317258856,-0.8631338650776299,-0.5091401778811812,-0.03431461954613053,-1.1154928134830526,0.08382727707144255,-0.9987485995446228,0.1101930247718276,0.8721024709548852,0.014765338332643934,-1.5150711152510636,-0.46919087401939946,-0.44498645647113055,-0.19585073898989938,-0.5985376472941887
-0.33994603801133816,-0.11326667847419751,-0.2991845655634748,-0.8689203432782744,-0.879866116226373,-0.2816109289592769,-1.3064329012596452,0.562277152101216,-0.9380331205665041,0.5861012894424074,-0.34653690717261215,0.5168124302363993,-0.09513450161582332,0.36677484766998847,-1.3042824369366117,-0.29425649690056593,0.25013632084512555,-0.05824776090882324,-0.8732246227578272,6.027685113389738,6.6624460189979375,-5.846925323665942,6.726006657843092,-11.87044165712644,7.122169458872999,-11.783268725908679,6.487662160974634,-3.669867468282048,7.084224615622801,-10.217666556851274,-7.040899637279024,8.154715739444574,-9.982114966118653,5.863629107909618,-10.033222654662524,6.707090933805096,5.787112180070474
-0.9063396586665187,-0.6772983426101375,-0.6976845007443315,-1.3519540683453144,-1.325249887273585,1.4130747105982964,-0.7594191401735398,-0.06977331278598692,-1.442511301573296,-0.1355420482415322,-0.8133063665263004,-0.14162424005934385,-0.7179225303958879,-0.18647981116447468,0.21331430261562864,-0.827803974794861,1.5022210854251354,-0.5379877857029798,1.4341518680789291,0.2905838219572012,0.8111566068297561,-0.7421973920967433,-0.2897291500338213,-0.17619547542070715,0.30460566691136326,0.13457908228965168,-0.31578749679574497,-0.31697381385751605,-0.16387163349531597,0.9735272466004692,1.0866641026172978,-0.2591382994171929,-0.2570662931891058,0.7523368324508629,0.6252382639291104,0.8500068074380623,-1.3374745799173833
-0.9312493263392697,-0.7021041327853212,-0.7152103001018268,-1.373197615460539,1.1605285986623581,1.0975734582536185,-1.9034714288040588,-0.09757053093709508,-1.464697963602605,-0.1672795097248873,-0.8338346205324814,-0.1705819084413557,-0.7453123919016263,-0.2108116348068844,0.9142830753077593,-0.8512690878846014,-0.3169997482114464,-0.5590864777629581,0.721419010159664,1.3053345170909225,1.7586951228467778,-1.2972535376261287,-0.49378457548247234,-0.316861422227344,0.0135222361807327,0.5573377517502106,-0.8271126593910797,-0.17593667479525044,-0.5277241330757414,1.7018225547607004,2.17841493088191,0.09192729234137205,-0.8673606226045788,2.1432021113959507,1.571292885726125,2.302923843292914,-0.8245166508703717
0.695233615835055,-0.6624656554514962,-0.6872049031488109,-1.339251433747719,1.506102140681087,-0.7826847744475764,0.016655561506480676,-0.053151893439774195,0.9018347112687898,-0.11656455008213136,-0.801031443315371,-0.12430892646035352,1.5016514992781091,-0.17193053353460286,0.3174237450525711,-0.8137729490083712,0.5128203754553254,-0.5253717675647932,-1.3594904562977652,0.1082609472834589,0.5425037077476225,-0.005662735147653126,0.5905732730949045,0.5150451230293366,0.7385996653261016,0.6112937439232636,-0.2704038189388428,0.8539769855313887,-0.20920435538254842,0.5845284309161641,1.211043195000369,0.8655999871370853,-1.4352789586541748,0.08867333812682289,0.18831800382436506,0.5820193273481951,-1.812898953397665
0.7368864038237009,-0.8428597878329473,-0.8146570563380143,0.3186921783979072,1.2453998391779955,-0.9472713549131759,0.06976015368899716,-0.2553004650262441,0.25268842256462504,-0.34736759194641487,-0.9503182245305006,-0.3348965927540404,-0.9007308595528152,-0.3488778585031963,-1.965351010326232,-0.9844173303065378,-0.4525679059716948,-0.6788069220857276,-1.5192130829329678,-0.08264939123537327,0.37242330783092503,0.14393763346097938,0.44652795863535666,-0.5130809954825081,0.5624185298008668,0.3909736127429777,-0.16094962331859827,0.17355166185373946,-0.028639482088794625,-0.6636661116390906,1.4541496210793632,0.03750071922673333,-1.3289874827943842,0.2049445426912446,0.031196422896172384,-0.2262951062501116,-1.2174647999020967
0.8409103764780681,-0.974722220609775,-0.9078205687001346,0.3164400471979621,1.0507765153707764,1.4545531059439105,0.22818854507221395,-0.40306470813027023,0.28623771606499515,-0.5160773509099819,0.34728968209170463,-0.48882954846438686,1.4912075735051848,-0.478220783551183,0.13377079334816433,0.6118212046114698,-0.5795705978585003,1.5688228115109477,0.6282503636000967,-0.4441965394096495,-0.41448852457313884,-0.13460179090166494,-0.5789141795725612,-0.3466452742488393,-0.541873952708321,-0.052363433309127655,-0.41353919538165473,0.1433082768046631,-0.418200107486166,-0.25303851773308317,-0.2272194216747221,-0.35596334569013904,-0.5722400648703129,-0.45893091009055614,-0.31768603868597933,-0.15686398657618206,-0.30681248038332104
-0.8975988795373991,-0.6685940139979278,-0.6915347141129866,0.4979326768511485,1.5167727120841368,-0.7882761180445593,0.7366223847374217,-0.060019294890012634,0.24754069081047952,-0.1244054026391341,-0.8061030213620142,-0.13146302126081558,-0.7083114535664399,-0.1779417969660901,-0.6263038845339152,-0.819570088520192,1.5284334667090995,-0.5305842743582132,-1.3649165614103669,-0.007810800620680242,-0.26532904207050984,0.01732440073989119,0.690024821589322,0.05455522169633418,0.8862565714235711,0.6623407845212397,0.10213400946901328,1.0891501385760338,0.23034404598420544,1.1119668861913616,1.0204829101865767,0.7315277403998197,0.28052567436982984,0.2847116472755493,0.20219562611740544,0.47572907527682223,-4.417888841684496
-0.8847139507768296,-0.6557628175542066,-0.682469210744574,-1.3335111589299775,0.6539168791970157,-0.7765692918963072,1.3050517327832152,-0.04564073391021919,-1.423249612561766,-0.10798868702386759,1.366054136061188,-0.11648419861748587,-0.6941436044044309,1.6657867493342582,-1.795826482694118,-0.8074323789974449,-0.27236632490818063,-0.5196706344130525,-1.353555701875702,-0.6718740199624779,-0.37148924788070914,0.4767861554225754,-0.33262898361553384,-0.45564174405416075,-1.2573192063052456,-0.8889417874957725,0.19810216089683488,0.46237919409661493,0.09149815003713167,-0.9235337020075657,-1.86447295873445,-0.10356883904945939,-0.5484612121794069,-0.7231299341212416,-0.47752385339864745,-0.08249635173379377,-0.737521581982242
-0.9858029938049987,-0.7564303022958825,-0.7535928527227824,-1.4197222588376266,-1.387735901545824,-0.8684155003010822,1.1095693783923155,-0.1584481072825527,0.6673538975086797,-0.23678645549049968,-0.8787927290635831,-0.2340009404512942,-0.805297832741167,-0.2640997891596953,0.937070686667733,-0.9026590941006921,2.7607548989086617,-0.6052938798737848,0.2542821984118431,-0.23578997817914918,-0.00589247174929655,-1.1428582641445353,0.16349177767317263,0.24587147187395064,-0.17026227632072216,0.18929152398809512,0.5715068178520003,0.9938694397639086,0.6160001025220467,-0.3498254891289705,-0.2731277995434564,0.11473562208575848,0.6498283916890727,-0.3381507091954479,0.18356721995109057,-0.07413116180139898,0.9925846766661985
0.608122871409627,0.5655324932242126,-1.042337696170764,-1.7697185449380965,0.9150675718644217,0.6973898220096604,0.3985323379905395,-0.616418853130359,0.20305153100137574,-0.759674351244511,0.05944467254298382,-0.7110905871501569,1.024730918842703,1.288932164379334,0.2894616580334245,0.34613764927611773,-0.7629475107774334,1.1753050453189051,0.8833505155895944,-0.7747586330060616,-0.6361267441517995,-0.2309412071562732,-0.47015109906782143,-0.5364229180303017,-0.5815041776769645,-0.4511722883868724,-0.5816826828507308,-0.07874437165006562,-0.5396027235958217,-0.3883377668141484,0.2092639876884293,-0.3708520140206412,-0.4214909209879112,-0.6478842862881977,-0.43839170334956024,-0.34349512917393316,-0.298932765073584
-0.047647183642130886,1.0408359474808597,-0.8309732660239679,-1.5135173789475842,-1.474220182316491,-0.9683414513468098,-0.3967160949376483,-0.28117918420978355,-1.6112472734534296,-0.3769146080852727,1.4673243207614672,-0.36185567060832086,2.3223880130238146,-0.3715303566000328,0.5744374987106807,-1.006262936185455,-0.47481054688299024,1.4306648850171362,-1.5396605042009517,-0.46841391125292203,-0.28101678939294344,-0.18753886238966352,-0.27233183758357793,-0.10924707121038588,-0.1722850038169615,0.1292269027997705,0.04827805536868148,0.4421511099825134,-0.08438798418657907,0.38992042301322904,0.5709774648287405,-0.18405235471140716,0.6228327566740731,-0.2725462392957937,-0.13969457733161447,-0.26755492156918065,-1.2726405454095735
0.5980993288378721,-0.2776277335348527,-1.1557681083475995,-0.1776658016777534,0.7252590966949353,1.1652208500991585,0.4798750944424399,1.1666511006343754,-0.29394242848355506,-0.9650854291685429,1.0634408677704703,1.5576419029460629,-1.43382976603,-0.8224570539893333,0.2709451785275102,0.599411991141565,0.8126350627831497,-1.0894584933949427,0.22949229009353597,-0.31590521073094063,-0.7806749594169023,0.16727799346857594,-0.39101551196187795,-0.7089187282901094,-0.21911040566588627,-0.26997059579966565,-0.17184746987585445,-0.08657652856302832,-0.29791066714641695,-0.9405565516672597,-0.4833834549386738,-0.49345606542328946,0.4672996164637449,-0.41800457667376884,-0.2269731752680416,-0.6788616341584662,-0.1680745076535639
-0.37979556330750813,-0.15295002455748538,-0.32722166320794027,-0.9029049503501129,-0.9112018008167448,-0.31781690831713366,-1.3466689398134752,0.5178082349551446,-0.9735264864913206,0.5353289230330124,-0.3793772159255216,0.4704870695825758,-0.13895174531697027,0.3278497349596002,-1.3402386605441272,-0.3317950795075908,0.2119154897143735,-0.09200063445197107,-0.9083606229504158,-3.33626978458669,-3.004691732277631,-0.06497616769485137,-3.3819571260197634,-2.339927562918704,-3.5375471098709195,-2.8773555027009645,-2.8557767255125106,0.2929612784938821,-2.8835525621879143,-2.1787677683538056,-0.8661508451587707,-3.305431453278331,-2.5710934379261356,3.2707059150161424,2.3854123613754172,-3.0109973207239897,-0.6228781055765183
-0.7942354327164036,-0.5656616101092089,-0.6188108603192425,-1.25634896284677,-0.0915704031113672,0.5994392391849162,-1.7651285937201517,0.05532613315344216,-1.342661773033287,0.007290188621472415,-0.7209203878892716,-0.011302268609010459,-0.5946563646918577,-0.07697613206196678,0.6697813473760194,-0.7222008662220861,-0.18558576393420553,-0.44303459030041425,1.0747449203146981,1.1356886683458551,2.3161959497241584,-0.5361934957922351,0.8278504675207791,-1.4686745352665271,-0.195593432875606,0.7376994698083101,-0.1477980373680179,-0.8107338341469797,0.07471324806678696,1.3989626350304607,0.7387302921281532,-2.3397473415066354,-0.6758914401566358,2.7146567489323292,2.0272614090211243,2.7952592560021854,-2.504707936910076
-1.0552679975223889,-0.8256056252817,-0.8024666367295598,0.7705314186920939,1.3544616685514488,-0.9315291377156536,0.8877210056008147,-0.2359655550288386,-0.020533389715785427,-0.32529196704067836,-0.9360393876535249,-0.31475450843260644,1.2131810083779129,-0.33195337283555476,0.7190238928525433,-0.9680957024658401,-0.43594963916048207,-0.6641313056328492,0.4585592660636127,-0.690063380218553,-0.7205968940321297,-0.6802366055835705,-0.4569138218164032,-0.505893139313955,-0.2643764119464918,-0.17797868853380774,-0.4911400848716242,0.1660368454140114,-0.5224057992349215,0.08585739738180909,0.059139425934633595,-0.4909562417413945,-0.12297803124996215,-0.7506642465563933,-0.3910648794376523,-0.6061822488839276,-0.6497357041993199
-0.95080855131739,-0.7215817925104733,-0.7289716660525106,0.5218073025537318,-1.3602180125858516,-0.8366206908791531,0.07407796622456314,-0.11939707839353357,-1.4821190677235356,2.2868836871134155,-0.8499535324260398,-0.1933196485897379,-0.766819080402988,-0.22991713308177472,-1.8554636356745629,-0.86969403967797,-0.3357595660356495,-0.575653301141201,-1.4118324286387531,-0.7946827267172044,-0.6614561518409752,0.7146654491809268,-1.289581133239878,-0.4521265588876654,-0.3958770462114697,-0.3348715497253526,-0.7635721978597235,0.059489950354508006,-0.8526823670817316,-0.49690039387495344,-0.4216621393579717,0.03833494463878308,-0.8909729030450514,-0.5611478628953941,-0.25007089683526024,-0.14466476442296944,-0.49971541170796996
0.32389873372408073,-0.9649023334215743,1.0238138209688525,-0.09184400216076992,1.167661587140082,1.216196367019443,0.5305142037561301,1.6375153104697195,-0.40312114059648474,-0.5035134176828838,1.2087420693213669,-0.47736605406503624,1.5518309858759614,-0.46858852585794913,0.5663122942050566,0.26815849195721353,-0.570112618958346,1.7693213376408696,0.8856237181382509,-0.6091265887458701,-0.8547555758354787,-0.06249760983556061,-0.3439085848282607,-0.47888185474440387,-0.37340173364833,-0.42971279730548895,-0.21085888278904652,-0.02559127022038908,-0.25318280771993595,0.013343700115443682,-0.0974201572978978,-0.3826807889189437,0.41311696517694596,-0.5481347250592797,-0.2700015057736509,-0.4798269495236506,-0.359306394580517
0.048301373570869645,-1.309489139998562,0.891367830653892,0.21793520492073193,0.009808781071593702,-1.3730109751765316,0.11801792331815673,-0.7782024893622533,-0.03682877531223136,-0.9443907460878627,-1.3364815275474935,-0.8796282034746332,1.069484224081866,-0.8065912803729163,-0.2817585600898166,-1.425826793267836,0.848727984942023,-1.075700910866576,0.10614472229641078,-0.8145004908547124,-0.5212138893902132,0.3197020996116458,-0.6147238966357346,-0.18787649181804864,-0.4477397598541648,-0.2528777152754733,-0.4447525290373409,0.8836850578698413,-0.3759956337004495,-0.0022669272130997225,0.6083021153108135,-0.4122996016330978,-0.9948552429284977,-0.5946645146467184,-0.4689760602886044,-0.49702951337819634,-0.5660667655863876
0.5392955794703902,-0.9589509069606893,0.9875471458904648,0.061017007268793735,0.7648021832436412,0.6615032171149289,-0.5656425786196156,-0.385391469626795,-1.6944254801099452,-0.4958989386947353,1.1311623708515466,-0.4704185054226774,-1.0289154347064056,-0.4627508138542455,0.6284312515231482,-1.094234079533589,-0.5643805301049726,1.075976007613989,0.77890635451432,0.3806605567284287,0.5965460817223988,-0.36630461621377713,-0.7040518837827826,-0.40550709134991547,-0.266485897443651,-0.07972667813526566,-0.6930369654262222,-0.6513761349696257,-0.5209971328940821,0.6405628583702372,0.9466373213601749,-0.24975597971323843,0.02711318253319622,0.7583859044245312,0.6427546397093234,0.6954508260925808,-0.19852619456154674
1.532796925777575,0.9923498739800763,-0.9517853019813384,0.9723991485492336,0.7037239123872018,1.1440027986597978,0.648122887081318,-0.47279603718661084,0.5507813795803329,-0.5956930649025902,1.4176863791694767,-0.5614719507246994,-1.1150391247612277,-0.5392589202354497,-0.14834980688112634,1.14347304156841,-0.6395043566147725,-0.8438907832287686,1.0658093448715023,-0.2704265513455068,-0.5377645271794504,-0.22753179672368365,-0.1363680542281655,-0.46834354670543094,-0.5722259628844785,-0.45578593031256986,0.2554125094476869,-1.1925225595208977,-0.0355600260765283,0.19472720465980398,-0.40364233907162184,-0.34803887592498406,1.3887662860444603,-0.39346016747988827,-0.32691886220104294,-0.46678534793467386,-0.5490849274463808
-1.2945608663912265,-1.063900602700103,0.6540244503540832,0.08103713319494549,0.8963605469723069,-1.148942836030904,-0.20889163561017113,-0.5029974626936659,-1.7882940250345352,-0.6301755290672413,1.1094819831749383,2.467852671541811,-1.1447979609662504,-0.5656952260266369,0.17668366902717292,-1.1935115652281547,-0.665462343862841,1.1659665361126172,-1.7149246566858949,0.19157696255532713,0.4857998931837939,-0.6014082881395392,-0.143490257924866,0.5008942613295712,0.4502979310064556,0.6913027891943958,-0.11939543324070785,0.2842784220703207,-0.10938829894647531,0.5763849820142851,0.8915829257760793,-0.1895551634561281,0.21753114881509591,0.28490189550673045,0.2736028267220389,0.06012108551433467,-0.8604738789745502
-0.8466723913659706,-0.6178798978348552,-0.6557041512407786,-1.3010684274452364,-1.2783305160990661,-0.7420059713916431,-1.818074155158806,-0.00318936363727323,-1.3893665743452472,-0.05951985386116652,-0.7641340999552679,-0.0722606113490254,-0.652314341267952,-0.12819668012256175,-1.7615015865657595,0.7480604714224799,2.674067434030173,-0.48744912274796176,-1.3200138157716088,-0.1507486275830972,-0.04645961989314824,0.8289543811644821,-0.050871612267136615,-0.11105254944466764,0.05415943825492299,0.24908731763252862,-0.028552724100250317,-0.3889197288882578,-0.021526060089550617,0.1333949322420233,0.6663264969185677,0.07449022780040603,0.09290728989273059,0.05549587050683636,-0.016927722727907428,0.07477494746003276,-1.828647859542214
-0.7781367192858653,-0.5496300310173212,-0.6074842209917308,-1.2426196035574746,1.1245807626366318,-0.6797366944010933,-0.19266422405405906,0.07329102353495351,-1.3283228939007978,0.027801594238986788,-0.7076533109127159,0.007412601899219183,-0.5769547422906336,-0.061250869838173704,0.7136160809339066,2.0102661217788347,-0.17014502272391777,-0.42939884847940535,-1.2595847549607586,2.2092234411602343,3.017227902470974,-0.7403686872625777,-0.857609708758573,-0.7549434221564669,0.5145704059371236,-0.15383418301848298,-1.5087405282349302,0.14385481236383688,-1.1454708606207904,2.7788185833256644,-0.41548121969627505,0.3979604105293483,-1.5934549336655126,3.5745493291282107,2.3595599707487676,3.249851164159988,-1.3707037166020661
-1.0477144604924042,1.3932926461648023,1.9414530856632737,0.7887579460401446,1.321559649181276,-0.9246662402594396,0.8008759949153671,-0.22753640537524303,-1.5684316867337393,-0.3156679891658362,1.0358118908802,1.6382277253549438,1.9715103020213693,-0.3245750595916955,-1.9429018300643286,-0.9609802080736761,-0.428704823541796,-0.6577333980472084,-1.4972760071539415,0.18702002656753114,0.05292156775433311,-0.15984687724452298,-0.046873826488975784,-0.405270177688062,0.2278858597568384,0.27126184656247704,-0.571981758075766,0.5582128523202233,-0.5285570858388094,-0.1509551664698522,1.2363060426155559,0.07532030026949461,0.2808543815407163,-0.11064990226996814,-0.10108356133167197,-0.04080905108483482,0.2082178647562079
0.8672941421908883,-1.1356305083183724,-1.0215055731052851,-0.287681789074245,0.9970282173239394,0.9742448553404999,0.0028324123418841402,1.8986701007664133,0.3682307756705145,-0.7219494697757297,0.5159290171501034,-0.6766699197033732,-1.2240001217048988,-0.6360545816877389,0.1989935731568579,0.8110742515426934,-0.734548670502399,-0.9278245599870447,0.4403802814757303,-0.03305607819882318,-0.20326600743760284,0.47182663925376717,-0.635517625708649,-0.40073818098113884,-0.20480849460684347,0.11673370714964736,-0.6556233029390204,0.6116168525575217,-0.6422738420526539,-0.19991022621711146,0.5665978120191202,-0.04448762498758955,-0.36888570132237936,-0.02317791705986102,-0.0035584282047410815,-0.08770890176259562,-0.9544721138525994
1.0267373094138184,-1.1026372321952262,1.249943323284047,-1.71621203703029,-0.23537422897539453,0.25157120203697075,0.5135642754942854,-0.5464054949679941,0.005888678845500817,-0.6797366306453071,-1.1652993771277051,-0.6381543819171178,1.0057662732853827,-0.6036917111504865,1.0076634591110927,0.8254835945306223,-0.7027713492929836,1.4570113346138491,0.6093656356334446,-0.27137320534360987,-0.6142421535070858,0.42560004930733,0.14098618202297225,-0.24143130453618894,-0.3210388191433525,-0.01431928793639472,0.3524196168235324,-0.32765101586192474,0.2081102953419481,-0.8301224215721867,-1.2162620319575561,-0.3957492275560192,0.681047694577898,-0.4100059567129707,-0.030931836993330672,-0.4082731138656282,0.18467644148929854
0.30651152948175786,-1.0090631850390162,0.7920531525703622,0.08140016886255147,0.6048617929666342,0.961950712710307,-0.6036253036878048,1.1807298527046175,-1.739246635549488,-0.560014473177696,0.9567053362526474,-0.5289183443800793,-1.0842480141811597,-0.5119055919891136,0.5172048250743844,-1.1416379422603187,-0.612645938823005,-0.8201720740203454,0.5791867927443693,0.4734591612155655,0.8004581324466102,-0.8413791190034146,-0.8383911205773823,-0.8522825823601332,-0.6022630194300624,-0.34950179193795317,-0.9093329764772118,-0.26463558805442944,-0.6883780929689821,0.7746489403886263,-0.41498036132953786,-0.303067311454105,-0.4882352866219012,1.2354210753959705,0.8027149138886726,1.1362656223097307,-0.48757876707425735
0.5146566510231294,-0.8353514982975195,-0.8093522958370756,0.2808015134994405,0.5215893413082416,-0.9404210007277714,-2.0385746059578365,-0.24688672127190217,0.46984379267678694,-0.3377612037502061,-0.9441046722249019,-0.3261316005103923,-0.8924404157061165,-0.34151303055206145,-1.958547911190408,0.6308612924414507,-0.4453363316530354,-0.6724207079120856,-1.512565174210525,-0.6045317403322483,-0.4341845656729305,0.3759245435699076,-0.07754796444381455,-0.2739092272905713,0.055187034581272776,0.06503476549013025,-0.19362838232606217,0.733654778107389,-0.10021451422442187,-0.0097045518363552,0.3291911362299836,-0.073784032702238,-0.06968330769948096,-0.47908479751851224,-0.5635434141991648,-0.2605707253461696,-1.5118517041096564
-0.4721380503399959,-0.2449074279108933,-0.3921914541005682,-0.9816567827624567,-0.9838153395335699,-0.4017162811328178,-1.4399070860845136,0.41476132600477533,-1.055774534825455,0.41767516048696546,-0.4554773893308469,0.3631382621963516,-0.24048854476941964,3.060967665003928,-1.423559279485938,-0.4187824664800607,0.12334714224144648,-0.17021547551475516,-0.9897805550084128,-1.1227420814764713,-0.9982709164780766,0.2632205792589947,-1.0157634852615542,-0.5265634526909577,-1.0846650965851163,-0.8598299261318119,-0.5093725280736496,1.1253568039493311,-0.600415615251875,-0.9199347391645958,0.06378172427331269,-0.5994389094474899,-0.7662984725831692,-1.3134232427353092,-0.7731712674476523,-0.5935102883558354,-0.40704476355367286
0.7513036199942296,-0.8619653139759754,-0.8281555022829886,-1.510101882993874,1.3467653123843375,-0.9647027046714258,0.07718785081501524,-0.2767100018456258,-1.6076801453285254,1.6963917228704908,1.0807476905931728,-0.35719991332582973,-0.9218266485341847,-0.36761833358681917,0.376053301494835,-1.0024902611996505,-0.47096930505846113,-0.6950572253370583,0.6995034237406956,-0.2525510804079724,-0.33484722450308885,-0.37393787649566057,0.0902660057795193,-0.25755136570081466,0.00020141784676233444,0.2251768331816552,-0.21758335708762663,0.23510255086589327,-0.05972515641371074,0.13585519386327063,0.5143265376588997,0.1574479310836822,-0.44001576966604244,-0.24355658923613857,-0.08262836794899277,0.01293092386206225,0.5676267561770887
-0.9015799233875852,-0.6725584562266752,-0.6943356738314526,0.40324421398235266,1.3650814686345873,1.2891927055904429,0.786615375032939,-0.06446182482764812,-1.4382718777732668,-0.12947765922315263,1.3589964686888356,-0.13609101345815994,1.6748135618977524,-0.18183049022960515,0.8161510861216151,-0.8233202647725238,-0.28854296656753653,-0.5339562510291115,0.9218969763185608,-0.3770855348393147,-0.5065429127130451,0.2900659938453078,-0.014846133944112674,-0.7651616832912667,-0.1176503759630839,-0.03636854284481398,-0.4703229020585436,0.7316330305307824,-0.4209139654371203,0.06245917691311737,0.5255869700977223,-0.14398343057815982,-0.4133558943773441,-0.31911716620592984,-0.19342862044734252,-0.4630138158222961,-1.5356191187322588
-0.11664115879628317,-1.0658955653554458,0.8411854228155593,-0.5261208634479219,1.0888603410132773,0.43200299078325266,0.22473555673728396,1.9520502894163638,0.1645585151339412,1.0478452925373576,0.5734588138217579,-0.5952630651465226,0.5215352390508974,-0.5676520707455588,0.7035605097100159,-1.1953987062539728,-0.6673837829119066,-0.8685111465862141,0.3884690533031846,-0.6218881562748011,-0.6584529770110554,0.15339949784459625,-0.44147239459288606,-0.5112358757832713,-0.5125549913536134,-0.16638488243965913,-0.9473230647656614,0.7214123617567691,-0.9497344980152008,-0.08731252914020456,0.38245119507310843,-0.4677592418925597,-0.417610328047126,-0.5117407692399676,-0.4029141076169646,-0.5626536654759545,-2.305631156214169
-0.8440949168599579,-0.6153131718303979,-0.6538907066924656,-1.298870296911096,1.4037331693234774,-0.7396641620961365,-1.8154716809053573,-0.0003131060306359909,-1.3870708570155206,1.6017695151519766,-0.76200998284343,-0.06926427864042592,-0.6494802340176378,-0.1256789967898486,-1.7591759315173725,-0.769168912901587,-0.23340743582499607,-0.48526598078038363,-1.3177412129221,0.4232863112346626,0.935107425678818,-0.8106869600256811,1.0586981196479448,0.3698249849058016,0.6817865509425582,0.6057502654792742,0.03419453388839644,1.2622504690593903,0.23570487525840378,1.1203728504473724,1.2815801851131736,0.41062784861183416,0.8933988058783182,0.7485032696215519,0.21144673244680448,0.9064141370494604,1.0933726477799068
-0.059658591945170786,1.0136442993314274,-0.9783430810863761,0.14045007452900082,1.1625577090320707,0.8071686663558203,0.2892699925619486,-0.5149186453674444,0.07427320920093622,-0.643786534092577,0.8449994866068076,-0.6053530510727703,0.19499525918605823,-0.5761302311717746,0.4819419085200605,-1.2035748707748832,-0.6757085459090177,0.6955710453160058,0.718798943476145,-0.5248847573016299,-0.521706005411458,-0.19132237955468961,-0.331427233345927,-0.21926200109659452,-0.4046053962885079,-0.14943660270269024,-0.7148608760403236,0.27489523291229573,-0.6622620109950612,0.12689668348357894,0.6228375002677391,-0.016763613296064423,-0.7106729924929827,-0.4825161137826345,-0.38319517354551325,-0.11609227497166305,-0.0703314849152631
-1.0079939957697306,-0.7785287640556267,-0.7692058690458027,0.4345221194280235,0.11677495155705557,-0.8885775211305362,-0.002494186672389795,-0.18321150961730545,-1.5330532730982547,-0.26506005911240416,1.2965548387860335,-0.2597981403337407,-0.8296983377367619,-0.2857760135617123,0.6913892691488038,-0.9235632015949361,-0.3906077781361831,-0.6240898398643879,0.3789216940833877,0.42094823563519623,0.6743311398971502,0.0300741821676831,0.6120006443299045,0.3780224679160059,0.5667638966845201,0.3713345606950552,0.14008458505056567,1.028254967812765,0.22644127430321884,0.24678242386020693,1.075172347469587,0.5165230485272967,-0.9899145488064242,0.45927834378301574,0.3839470604332971,0.37167169110712006,-0.3966625360811177
0.9559722087624277,-0.5652721575222687,-0.6185357040815348,-1.2560154377172987,-1.2367891714254715,-0.6940081348225354,-0.3852125521342961,0.0557625513623457,0.12321960090259383,0.007788468917738634,-0.7205980929100908,-0.010847631252833273,-0.5942263420098947,-0.07659412078171376,0.7423584979509941,-0.7218324623562505,-0.18521066447743,-0.44270333940512796,0.4702260730776009,0.2851616833618026,0.6271014612098271,-0.4908753650355334,0.9847391319820032,-0.06792542417116536,0.8898346759074099,0.8970495024075347,0.025781922430889854,0.1038496651542333,0.1799947002946763,1.1177661732574318,2.0661667375547763,0.7001959472203275,0.5320927016604271,0.5020100384797894,0.29018740647837443,0.4008348786175424,-0.81432524530767
-0.33109805533545955,-0.10445559337202263,-0.29295935328311695,-0.8613745767381881,-0.8729085027458668,-0.2735719403956585,-1.297499099177328,0.5721508006729177,-0.9301523570071556,0.5973745233157067,-0.3392452147181434,0.5270982739314621,-0.08540554724833531,0.37541757855218644,-1.2962989028491958,-0.28592162399767806,0.2586226766847289,-0.050753447283973234,-0.8654232068389889,-5.191239101308377,-4.918327212560284,-1.2514059116337597,-5.511588462166061,-4.2955458313221655,-5.725782761390578,-4.704808505126726,-4.857682950732,-0.520193207732565,-4.963059695283407,-3.8283133409464436,-2.133181292971817,-5.46726371157595,-4.091801444315106,-5.138585987120502,10.309946008907561,-4.889350050205439,-2.0371186145457374
-1.0167200571262247,-0.7872184362707947,0.5955655335416402,0.23666363522588174,1.0831477238939122,-0.896505735958706,0.10577772239592956,-0.19294910364357032,-1.540825443193295,-0.276177952768853,-0.9042717253039698,2.475881193113081,-0.8392932313814653,-0.2942996514041923,-0.49014153386951254,-0.931783223605994,-0.39897719571554885,0.9287799458989849,0.5526190642709693,-0.12095014604994084,0.02680748235812767,-0.6758677128456204,0.1832430489395943,-0.3872023295540818,0.32264076861768354,0.3751538460638913,-0.3686274405350461,0.22518892846756125,-0.2260704169866496,0.5481489956651028,0.9043563246669039,0.253141815995759,0.09608997185497124,-0.0824856022474466,0.0023140336220428635,0.10685857392849074,-0.09008856807696047
-0.6425031646203968,-0.4145620910533377,-0.5120559520786458,-1.1269481362864282,1.479900705208424,-0.5565044690746184,1.3369348794271987,0.22464733856803504,-1.207516150240849,0.20061259973283985,-0.5958766265140009,0.16508758773504326,-0.42781649096494295,0.07123631447394166,0.5526948385940905,-0.5792678140027506,-0.040054961424473755,-0.3145161193927633,1.2422670339409907,1.6465585798759041,1.7147296456045136,-9.38722124850852,1.3366803056399286,1.5931225144385899,1.1982573834117203,2.309050096360422,1.7309885984131463,0.07393367717912554,1.975559283817159,2.142602538695808,2.2071833832604217,2.471033565817209,0.4270269000448372,1.8748580805346018,1.289959467702951,2.0310686759175565,-0.6713871954796774
-1.040585070738421,-0.8109839287682972,-0.792136108350889,-1.4664416951502222,-1.4308138020034284,-0.9181887091885326,0.48807569167918297,-0.21958057052110977,-0.15306543101623687,-0.30658441825315036,-0.9239390716422771,-0.2976855001153012,1.5584477549100868,-0.31761105443310056,0.4973525020566614,-0.9542642639255711,1.5141263784611145,-0.6516947466701206,-1.4909899036707193,-0.8342146528217597,-0.8378744919564205,0.06285334740571458,-0.9538580351272304,-0.5032460677878269,-0.7427606654997402,-0.5691865480592528,-1.188484771367843,-0.451936332440788,-1.082757416550787,-0.3647427847084076,0.523129252940919,-0.32658429785923854,-0.9113289121603799,-0.7018571468253209,-0.8652688637797414,-0.3943394547818129,0.2138701806193566
0.38508657910731203,-1.050919991617365,-0.9616558562171347,1.1372112380668677,0.054732216176524164,-1.1370996881288196,0.09026807851397399,-0.4884514685748193,0.019791122022828355,-0.6135676467397935,-1.122500311119995,-0.5777809492745779,-1.1304651323280506,0.876740767339403,0.6538202267494011,1.1694064888588465,-0.6529601283710823,-0.855773595535034,0.954859253702038,-0.08202132055285849,-0.011522388763122705,0.5684381886257195,0.1269694770681437,-0.011032752891033292,0.08719055720792694,-0.08003055004649143,0.48594341268404595,-0.7567598530003107,0.2654413456793792,-0.14168057892326874,-0.53770213357438,0.26911401069811275,0.19272589003785165,-0.04021344093884036,0.15374059418885913,0.24425235050144717,-0.36061903912245447
-1.1220486399428942,-0.8921077812080572,-0.8494517734002794,0.3686441471076921,1.0568173447862315,0.6117777531205594,0.33506625881718377,1.6632094965818915,-0.1015678435690296,1.7222109374105092,1.5569285832476443,-0.39238748703978893,1.1693146154618963,-0.3971848659028048,0.34247912400588826,0.7872094289824495,-0.500000882877621,-0.7206950554390767,0.8748089658608951,-0.3014306130251452,-0.0938340555635244,-0.9224897258742902,0.03315460411770185,0.22517618350154825,-0.10567120389687003,0.08091631224850816,-0.047610253486773564,0.6409459378503628,-0.06774424325523648,0.08394929815691232,0.6924404109005706,-0.3714283727397366,0.27288480493635964,-0.2722983911404148,-0.14649743376691773,-0.30443839384039584,-0.11609894725103485
0.8059532364424391,-1.3047108638804714,0.8677215925781154,0.007920153992585059,0.7215277916790752,0.5978819930369023,0.6491373227856486,-0.7728479820999259,0.23265071972424736,-0.9382772397982526,0.4824886305814656,2.0472934673259675,0.9345690061647048,-0.8019043032196372,-0.5771589444155618,0.1997410173271907,-0.8973976324801306,0.8512398468484559,0.4329006371871134,-0.09572360027477055,-0.49696064666626155,0.12995626875914076,-0.11408134731046486,-0.18810383435843245,-0.08891856949652986,0.0952481122974122,0.2835395795072565,0.4154763434185137,-0.03525763807490286,-0.23528487692382638,-1.1134158564718486,-0.2442753773230446,0.9998992172798719,-0.4340372844343177,0.08075382418947843,-0.3354262400664353,-0.7909879603996156
-0.9440623258309189,-0.7148636999172533,-0.7242251958928284,0.7065562747682208,0.9155285895877314,-0.8304912903683245,0.1270403581654893,-0.11186882454416003,-1.476110307317407,-0.18360458010297603,-0.8443939146828956,-0.18547711279062692,-0.7594011499757966,-0.22332740370660895,-0.2554213721053947,-0.8633390394407688,-0.3292890662449488,-0.5699391930295967,0.852682949709677,-0.7914994435335488,-0.9926383040473564,0.08696773649607736,-0.8449496356258664,-0.5749139225179387,-0.6729006831029519,-0.6173501070313567,-0.5672257436948568,-0.3105202892975226,-0.5965498109767634,0.010165549069302221,0.2936065255528625,-0.30539298518195324,-0.026881895777200165,-0.7586464471096022,-0.3522783013038126,-0.43320410605514537,-1.427581467508482
-1.1633584040076446,-0.9332452766190256,-0.8785162573595038,-1.5711456648724276,-1.5273566445803453,1.807210501343141,0.5057215873919886,-0.3565858960380198,-1.6714339878570033,-0.46301018783808684,-1.0251175459457755,-0.44041038579707603,-1.0005319947916294,-0.4375363433748464,0.7311749440855477,0.604337237868652,-0.5396222712037145,0.9903146634914708,0.9772453255795607,-0.4584129105465263,-0.45474735293647817,-0.30075784262180566,-0.22008120820488958,-0.363704814820016,-0.174253856825382,-0.06738686917789849,-0.7036757125264154,-0.49020063816412957,-0.5846571193715061,0.14133983557670154,0.6033073756375212,0.10908002649119211,-0.14899804720684912,-0.276749443379031,-0.21625852344242283,-0.04863650052431046,-0.2197307603462772
0.32677329437064295,-0.7150100066842725,0.9416004778559004,0.8954529937228476,1.251668723827169,-0.8306247765863338,0.026260277684079774,-0.1120327750206857,-1.4762411662325847,-0.18379177048676285,-0.8445149921593631,-0.1856479077063086,-0.7595626978264277,-0.22347091497666577,-1.849509082341998,-0.8634774387745395,-0.32942998093051473,-0.5700636350006781,0.35391530792547266,-0.48242791064200424,-0.3345108342242278,-0.26579006198006366,-0.3230160509083221,-0.508249055471973,-0.22975434384315294,0.15922145126495704,-1.5119607823260228,0.7856113137914655,-1.367803698414373,0.3323406135552744,0.8439844501810125,-0.14061807432897502,-1.1285554932661586,-0.3797690999123555,-0.33171815446939146,-0.2546845078161445,-0.034507131214923735
-0.912825088765425,-0.6837567273763573,-0.7022474819993898,-1.357484994798393,-1.3303497069201635,1.1041352082824298,1.0269586428375181,-0.0770105396182128,0.31111262618442204,-0.14380514876423384,-0.8186510607293194,-0.14916359933888532,-0.72505369868556,2.517816052631536,1.3935805928814788,-0.8339133036187424,0.731633553992144,-0.5434809979903128,1.5517613430060218,-0.3389938835319008,-0.2091975818712819,-2.0753236204072145,0.30252858009243777,0.34815266613686185,-0.27914299681694066,-0.49817704701260945,0.5303220935125527,0.8075966493582443,0.4231556634459845,-0.7296446884877356,-1.066382414101874,-0.13191480940212172,0.9643125419850264,-0.44213823895675725,0.08598443155899019,-0.2671282790071891,-0.2568920471115459
-0.9414091812185137,-0.7122216193634554,-0.7223585118103949,-1.3818621772943833,0.6798864993872037,-0.8280807296814351,1.0718573708106633,-0.10890812508616844,-1.4737471917751348,-0.18022420281122709,-0.8422074372383104,-0.18239281303741928,-0.7564838383342619,-0.220735805630916,0.8804820146523752,-0.8608397552595661,-0.32674435858676376,-0.5676919578635908,0.9092091828197838,0.04796885377211063,0.3003459967426047,0.939265660834537,0.38005474779488774,-0.12157832662831906,-0.22835161132360848,0.06839527441868587,0.08915837407903958,-0.03598029569991998,0.15400185120656382,-0.060410263988355764,0.6718264978270565,0.02016442402838248,0.2775327424157708,0.25844015834325207,-0.13943768423290104,0.29869785873984117,-0.8487367580356008
0.9392881066366648,-0.7999011766476228,0.8581693774812944,-0.0022436181832641,1.0047422735687832,-0.9080771149276251,0.283516418655096,-0.20716130565442395,-1.552169071933155,-0.2924047281051881,0.9569843870624388,-0.2847477683033313,-0.8532971594958813,-0.3067400614847458,0.8180246527139352,-0.9437805006581808,-0.4111925184154172,-0.6422682550115276,0.43054759061430714,-0.08913607472630247,-0.04449965997189576,-0.7842839947520316,0.2502976522098038,-0.22766175383727846,0.3419730928995315,0.4080012581779832,-0.6913990155665694,-0.06677538931802296,-0.5405361094385143,0.596992026442939,1.0119238381812923,0.4776994238249654,-0.14471532370210705,-0.031967472156077294,-0.05264304976647596,0.26394882372933415,0.0816938143250926
-1.123640928785453,-0.8936934299387309,1.4737498764119141,-1.537273673191729,1.3155405695423519,-0.9936505537061369,-2.097729098774391,-0.31226433632607686,-0.08540353354987519,-0.4124060667136881,-0.9923860607025083,-0.39423853430693634,1.0700088320794867,-0.3987402174961662,-2.011410276561085,-1.0325035695414777,1.319383601239796,1.5225135453896466,-1.5642216579424977,-0.6262524100933636,-0.47439243317704244,0.16310968865070014,-0.4544380147545569,-0.23620909377377805,0.09722755822531501,-0.2566640356627426,-0.44266106615059847,0.5006057084336809,-0.38917508723366667,0.15565223290418864,0.5417117263184169,-0.18806148969900252,-0.7932628934463948,-0.5612368440942082,-0.45985506797202225,-0.3415027245588604,-0.3686261270887872
-1.3515100830281788,-1.1206123315395309,-1.0108949232899573,0.24954054711629187,0.9841598658174946,-1.2006850373916262,0.42153528744703533,-0.5665482823669357,0.2993211869946545,-0.7027346492155875,-0.3703283715097112,-0.6591380700911325,1.5990871118137764,-0.6213233586050381,0.22856001986922064,0.7663687181016455,0.5975245179035825,0.9851603436817306,0.43651932339635596,0.01522342618519147,0.23745863040923776,-0.4030450857740335,-0.4113359245796575,-0.7448094645039247,-0.492836589581962,-0.277576115647609,-0.9492202211876026,0.13589494180462244,-0.7888877268719603,0.42470941931706685,0.8055755038499377,-0.3217673564548415,-0.5444848082214037,0.5016785241579431,0.3535353876108145,0.49604776268897754,-1.3397822492092224
-0.7372019285731611,-0.5088659452565475,-0.5786835586064715,-1.2077094567589908,-1.1922483891843145,-0.6425446782717369,-1.7075419034268025,0.11897101101450229,-1.291862898580316,2.8383166536839193,-0.6739186263524927,0.05499959142948243,-0.5319441759869394,2.708226535612528,-1.662726396413751,-0.6684748333336851,2.776201769619656,-0.3947267462605637,-1.223491857901747,-0.917645840268324,-0.8557440937817037,0.2319335557036125,-1.2662394202232574,-0.3389750371522808,-1.1207358497954778,-1.3130700993462125,-0.6694868818809858,0.4127227837292294,-0.676157869689371,-1.3035453704545736,-1.0278765692092902,-0.6962636942809464,-0.6412020279735104,-0.8343438751140642,-1.2010922709987297,-0.7026521263727933,-0.09608289400109592
-0.5511308404597569,-0.32357080482967127,-0.4477687427466984,-1.049023681458896,-1.0459313406078456,-0.4734865546113442,-1.5196660524739776,0.32661162251733455,-1.126132211216957,0.3170302756645505,-0.5205759719991844,0.2713085737834403,-0.3273464510954402,3.038840083596718,-1.4948344679309216,-0.4931943284842243,0.047582874806007217,-0.23712301420980125,-1.0594298335941175,-1.3368139991477437,-1.464145844560531,1.0248820482110856,-1.0837195717681123,-0.5899802457411947,-1.596462671376632,-0.43734232957205316,-0.6153674747387722,0.644454668708919,-0.45052447662604467,-1.148332285420671,-1.942018934523781,-0.6490949684979986,-1.5629775563111907,-1.2254906159712562,-1.9517998769435863,-0.8562251628155717,-0.542241193264419
-1.0251215102805518,-0.795584853954514,1.0488336552724986,-0.5126938604807738,1.0338287714908772,-0.9041390223585016,0.46360388220211324,-0.20232446060076548,0.4827845045437031,-0.2868822624125079,-0.9111954292505191,-0.2797089995201525,-0.8485311963903559,-0.30250621116952686,0.06489557491125397,-0.9396974620042885,-0.40703527218892965,-0.6385969846069062,0.5135229957118942,0.3479458969405142,0.7780536241733715,-0.5175896374300921,1.0050434696146304,-0.0696933230820536,0.7788991372012056,0.953561030422304,-0.515706316560937,0.32852236077911773,-0.3160119783723392,1.061474541091468,1.4295009005621278,0.9120558090373668,-0.3417164860696868,0.5442251190403489,0.2586134331951338,0.6239155521850747,-1.126787998949555
-1.3217822171170945,-1.0910084358218444,-0.9899791639900405,-0.8901413715786919,0.7032186329163188,-1.1736752677261066,-0.3437258123360995,-0.5333743362206668,-1.0997655541839109,-0.664858310930775,0.5351927167324186,-0.6245792114958498,0.7811169502668537,-0.5922851072675879,0.2673684941949303,-1.2191543028844554,-0.6915711278825186,0.5446754713104226,-0.004948674552318927,-0.9609424639347218,-1.3536576945056418,0.08910266023733232,-1.9765118045010406,-1.030945986059336,-1.3005670324622327,-1.2174376651249657,-1.519172993451119,0.6068016004312256,-1.572611944457684,-1.11363985038271,-0.3148624174565885,-0.7805579252693622,-1.5149585488991342,-0.8303419621902131,-1.6344482561737788,-0.7496870573186328,-0.5970667369244249
-0.8965175203383314,-0.6675171642483254,-0.6907738976859985,1.1352806508087812,1.2735453519028554,-0.7872936303348841,0.07469665909545758,-0.05881258358614899,-1.4337628723948932,-0.1230276405436715,-0.8052118646993877,-0.13020593339036204,-0.7071224261137443,-0.1768855226844947,-0.3711748156706113,-0.8185514392057929,-0.2836874695290328,-0.5296683542806317,-1.3639631087219266,-0.7439674481164237,-0.5475533010090055,0.21551321858639694,-0.5821052232709213,-0.43344772580614244,-0.4154215560322892,-0.2982763538929886,-0.8532086875930691,0.705096992180603,-0.8355515859570637,0.3257197259188894,0.4967557297701419,-0.32456563591059145,-0.032127403812038456,-0.6492787688904842,-0.40829034664171693,-0.3992140534868677,-1.8358237302258358
-0.9232441903341935,-0.6941323795417823,-0.7095780929886063,-1.3663706482716655,-1.3385427701510912,-0.8115766112482712,-1.8953886484312683,-0.08863743255996129,-1.4575679107501711,-0.15708014861867522,-0.8272375246809782,-0.16127588008187344,-0.7365102043576517,-0.20299219859167986,0.35299925321815495,-0.8437281835206565,1.8157002902045363,-0.552306062155322,1.2437041105349207,0.07298075318467875,0.26100832908683963,-0.7949755995248763,-1.1680260266293934,-0.7183912573415251,-0.35368885975764586,-0.5298973749078967,-1.1110174234539005,-0.9191895396698775,-0.9262428333515755,0.4177360556880364,0.9102099675654105,-0.5726207109678126,-0.3207924772917851,0.7014072471690357,0.5252451840078703,0.5096059423491439,-1.5554672423761646
-0.872805694025384,-0.6439042202333075,-0.674090868597855,0.7385899173615948,1.0867463555376398,-0.7657498380903585,1.1861674981435935,-0.0323520616136618,-1.4126431094412295,-0.09281635132882594,-0.7856707612251288,-0.10264076423102746,-0.6810496720613004,-0.1537237533800725,0.7786712120046396,-0.7962147025898224,-0.26094477177860337,0.6411411479363137,-1.3430559905641497,-0.6906616065101401,-0.9890466143869499,0.35060530011961477,-0.32103820876822525,-0.3288870581712821,-0.880012029260845,-0.9065374272722693,-0.6510361613239384,-0.31311743156398314,-0.7949197262729689,-0.6559253478314409,-0.09738060480079744,-0.2919956714256337,-1.2528131022400366,-0.7623948727691373,-0.503746362090857,-0.44514534467983957,-1.3239344930215295
-0.9638716225228149,-0.7345903885151371,-0.7381625058479926,1.0444812455117947,-1.370490162028849,1.5686639202927644,0.9832371028963597,-0.13397443224630584,0.5223086601440561,-0.20884364788303883,-0.8607189126522535,-0.20850556311043228,0.7196018318403505,-0.24267717263647082,0.7918719587700268,-0.8819995608580032,1.4702611045906717,1.451383346050316,0.15622524537044427,-0.7852824139890326,-0.7188006074862424,-1.2463133372130115,-0.5687324875774213,-0.4616386718384241,-0.6002953115918452,-0.6019614723456183,-0.6805583141192049,-0.3475954289778767,-0.6953000082829122,-0.13780032871241427,-0.043923675048241795,-0.40410274819943665,-0.1732915538447785,-0.942668794476798,-0.5690599292690206,-0.5368004918857494,-0.8230910973478238
-0.3663625573890095,-0.1395730365296288,-0.3177705468948477,-0.8914489687658672,-0.9006387531158196,-0.3056121171336896,-1.3331056428855068,0.5327984066767087,-0.9615619124846806,0.5524439449411688,-0.3683069695784327,0.48610303587613674,-0.12418124831367537,0.340971127636946,-1.3281180603378047,-0.3191410767664169,0.22479947382644203,-0.08062276867561219,-0.8965165145192227,-1.3581225428115151,-0.9884888918865674,0.9306156303786484,-1.761110455643833,-1.104047313350298,-1.521337161738774,-0.9204338081835954,-1.235793186753369,0.6165551275937229,-1.0351505166455428,-2.1095330131335723,-1.248222293863303,-1.207561852166904,-1.7008515565303235,-1.800095477000001,-1.802990001036562,-1.0407292613996852,0.5843996215266235
0.576199139048949,0.7555857470647002,0.6780436351189962,-0.07803129968169031,1.222460467127271,0.7660777311626307,0.2938024820973924,-0.5496310033502531,0.37438897376728275,-0.6834193534087756,-1.1676814160428994,2.1695855400630877,0.553567911331112,-0.6065151052285415,-2.203337795921559,0.43657725080731963,-0.7055436590117966,0.9578892267594011,0.37035683133085096,-0.4049981123677842,-0.9822689633701162,0.7037217688624893,-0.48621304730729675,-0.5883879436932831,-0.34053152004294335,0.11241759472152467,-0.559152923356448,0.7884761265850481,-0.6782953521843953,-0.494233983645271,0.027414149327855342,-0.7503213513227676,0.18782165546074545,-0.3936360242176151,-0.28056593075581554,-0.8530662879327775,-1.2429928035981244
0.8856384374094399,1.2107680192886567,1.0829667349655208,0.7022698629394963,0.5658755224337562,0.34158035663229824,0.3908183806264179,-0.8476242753919365,0.5636131989644507,-1.0236530394672076,0.7807946693064303,1.1537042721505963,0.750265555466447,-0.8673584638167031,0.3556279594975519,1.3018027996868842,-0.9616675149490366,1.2908526752657716,0.9435036945231737,-0.7817888235537688,-0.6146147929729839,-0.1914412910195669,-0.1808784465228438,-0.29798333742862193,-0.5471786611518261,-0.6004506203046226,0.026283831549991466,0.14323761361353088,-0.14337716880237256,-0.46907910756150795,-0.8072836463174974,-0.6530257120903883,0.4028072403969674,-0.5403007795926262,-0.47648656558685315,-0.7871816180914185,-0.3046563359950163
0.3973743073301063,0.6474564082759714,0.955167822467325,0.04228638759833352,1.109361007334524,-1.2310721524811754,0.29905110318515393,-0.6038703525661518,0.256170576873303,-0.7453471062962784,0.7338409962478825,1.631126942618131,1.332045034037929,0.9552109433600006,-0.2582087476234284,0.3843542698208371,1.0998821967429322,1.4790850594476186,-0.2986794995496881,-0.6874378512355219,-0.8806626307831377,0.2603112194523684,-0.5051618358914394,-0.4957633504785742,-0.43201281885534426,-0.45180841183203974,-0.32454484318841503,0.7221402061428631,-0.5074628170948144,-0.34438464858913287,-0.3497577755004156,-0.8111395245465061,-0.03823321680221412,-0.6384383344721939,-0.43207937403085006,-0.9566023631373535,-1.938816756167759
-0.31200672622622067,1.1810694238970525,1.0999497319838707,0.12821485371240252,0.9163853036894151,-1.4409191368346328,0.4653275926708376,-0.8616086688904651,0.18689086607241978,-1.039619714535732,0.4788097891386789,1.0267053393794192,1.2384153961589768,-0.8795994655781938,-0.4662700592470557,0.8343298917576267,1.7665031892272587,1.256033572016371,-1.9982723120516905,-0.5040954580629761,-0.5988782827499666,0.7475169473937632,-0.2689749417726134,-0.25254689917204454,-0.3213357539463971,0.1383474080110982,-0.26502984601302154,0.5116060589699085,-0.39869691930996004,-0.5923001754986295,-0.4087410076881108,-0.5676680653865868,-0.41730624634634705,-0.45716144456177193,-0.2489120193916605,-0.7014920020074106,-1.2335782157796025
1.1354596740298553,-0.8358248986100416,0.9470116365119428,0.6496965454327414,0.9704812920223356,0.9760491034193138,0.6713876602727238,-0.24741721079338266,-0.3199897684378481,-0.3383668899258437,-0.9444964388968533,-0.3266842363734364,0.5232072399692315,-0.34197738556092033,-1.958976848998656,-0.9777626553284988,-0.4457922849732059,-0.6728233609759252,1.0691996091947098,-0.832413137374317,-0.3425678349226123,-0.7941243704988368,-0.24321087454035925,-0.1312462571833123,0.17245236053615653,0.07941746099236552,-0.5536710990195091,-0.5955801431498693,-0.5047497998318912,0.544193997128241,0.4996446985182187,-0.5821877770799349,0.45903316794394267,-0.4530981366490489,-0.21121119921322287,-0.8366411990414194,-1.3099120727886895
0.22163782640955915,0.5615619213082169,-0.7068295075903422,-1.3630390054622739,1.2956920076238145,-0.8080271987001254,0.28747324198580143,-0.08427797218020862,-1.454088358460084,-0.15210273666549035,-0.824018061872903,-0.15673442534654175,-0.7322146300526229,-0.1991762188573198,-1.827067386857563,-0.8400481307087149,-0.3055748546869716,-0.5489971370823139,-1.3840839471854796,-0.4356923828431737,-0.004033682122776713,0.047430037744273554,-0.07428644034729222,-0.02528432702934855,0.2340191468859896,0.38685785932706135,-0.8104479678701448,0.5283561108963655,-0.6398749362651496,0.6285730173115395,0.9034428606024103,0.10552638245638747,-0.42178245527877717,-0.2124191518887495,-0.11095804357755182,-0.02418482730490914,-0.24453538358664467
-1.0676520899077393,-0.8379380739219981,-0.8111797645489149,-1.489525082072365,-1.4520979595733765,-0.9427809202635598,-2.041197206288224,-0.24978522224244973,-1.5861898299299868,-0.34107056594652907,0.926234660446407,-0.329151105176427,0.17917484703135445,1.2286648137419718,-1.9608915515511858,-0.9797616199784182,1.8376486370725917,-0.6746207330757796,-1.5148553520964594,-0.6504866317723368,-0.6131506486461253,0.0370667850599197,-0.932338581949241,-0.15707078082619527,-0.7610537571035257,-0.2525230048578698,-0.7310325608064718,0.03540257024596723,-0.8891853382374676,-0.437999311536992,-0.27685317028782513,-0.8410485385310309,0.045879006576832145,-0.6800330188846966,-0.3743010257251621,-0.9824489426120765,-1.4872193196121875
-0.5292172086137582,-0.30174855650868304,-0.4323508768814259,-1.0303352237603858,-1.028699550501133,-0.4535765432278923,-1.4975398733223582,0.3510655017464275,-1.1066140727179146,0.3449504814179818,-0.5025167747974211,0.29678332890175463,-0.30325093327340924,0.1818943103544176,-1.4750617996029698,-0.4725515059372261,0.0686008722858388,-0.21856198897620377,-1.04010821390006,0.131878972851137,0.332072831237577,0.7382816434079341,0.892067806407337,0.9425622217561176,0.2675407574511789,0.9065526245181106,-0.5414905483120628,1.5944405213158028,-0.414097958094972,0.7212473569265052,1.4853475848188662,0.5920645734956062,-0.7101527209213857,0.27105152865785387,-0.09150090087363805,0.2241590382623742,0.6114304877783143
1.6603527297375542,-0.4894758587777476,-0.5649840649498694,1.8482878570727057,-1.1769371391499936,-0.6248537035911986,-1.687881760214946,0.1406994244217588,-1.274520121253489,0.10476510602530036,-0.6578721864839159,0.07763510072736196,-0.510534183421174,2.8023687787067653,-1.6451574574503505,-0.6501327217205637,-0.11220781011706124,-0.3782344087561601,-1.206323696708295,-1.3468360155402863,-0.8434675677761808,0.1821403822340999,-0.6225643668137022,-0.28262435839036903,-1.0538390186828381,-0.8684262240469788,-0.499187956765524,0.6723200038349888,-0.6359838249521902,-0.6315359437872895,-0.025244239481863825,-1.003644043216158,-0.5864828543850494,-1.053392858271785,-0.8741705852830183,-1.1134402725345962,-0.3484387130658691
-1.1950252632025904,0.6368466185502963,-0.9007962422964277,0.5436272571983626,1.08537922303124,-1.058508032413157,0.3094102550115375,-0.39192360526668396,-1.6996391775736264,-0.503357001661614,-1.0512144548918123,2.2513108934165738,1.3106368023283246,-0.46846860804264495,0.15270080219772933,-1.0997482033093673,-0.5699948708453884,-0.7825068516445187,0.9947735604547103,-0.47232004765477176,-0.2908691314478239,0.2905575720835187,-0.09301807804408661,-0.26153068129728047,0.019141430407627724,0.1508143373125481,-0.6689657639516863,0.7484978772437714,-0.5865817031625169,0.06620862335396653,0.8472892257711702,-0.03611063711731073,-0.9311888265627947,-0.2640177608661585,-0.3430202902270518,-0.10681796848058113,-0.19463018375042104
0.5971928168045756,-1.0179046051265712,0.849642646461447,0.29897337535631124,0.44626617818351244,0.2395251711721168,0.609373810541045,-0.4514546265413063,0.19036223689035764,-0.571326518772908,1.01848677598041,-0.5392396003897997,1.0258989341771552,-0.5205780782433134,0.5330023743737377,0.7384162751194089,0.9272037564796223,-0.8276921892225958,0.6982114532761524,-0.29044994177872663,-0.2538624404926997,0.039044096811092686,0.33213866038928025,-0.31318298480333967,0.08476942290023158,-0.1494155589687673,0.611633106313753,-1.0311224982830711,0.3557568236560425,-0.01308156995457513,-1.0171953204307336,0.0843043715890974,0.9721745983160391,-0.2615959216558184,0.052954026557409245,-0.1707734568642768,-0.28120411098768167
1.314481881087752,-0.8172544600137228,1.617816356725818,1.0120129366096973,-1.4357652843937576,1.6510077940073704,1.3337220517903678,-0.22660728983629674,1.1723067786074348,-0.3146071719117284,1.5280328795967772,-0.30500556382227145,-0.8724581708851826,-0.3237617740566406,0.7615442484921746,-0.9601958921368694,-0.42790625298073703,-0.65702817918186,0.8150384682352112,-0.3823956073648828,-0.5344902675707043,-0.8926680391769716,0.46283521281583834,-0.06055793632025534,0.0156294753891593,-0.4583749031386087,0.5406011219120516,-1.2031533094954474,0.445127749642864,-0.6412468996514644,-0.7232369595308678,-0.016777847077803474,1.062350742132635,-0.37460201723698916,-0.05520202754512064,-0.2353562637199063,0.3814874807692752
1.3354102398873047,1.5795906683170378,-1.0303676968246938,-1.7552093496717076,1.0352975310981358,0.9560665734360829,0.9750233844452885,-0.5974335460237226,0.45938626757017204,-0.7379978852841027,1.378348215542951,-0.6913127005884143,-1.2378501228586272,-0.6483582505269949,0.7867074914816683,0.9884364246140647,-0.7466297260536756,-0.9384933583419265,0.8454156512264139,-0.4975891286235066,-0.33395832191804264,-0.31534353806793186,0.4055187484558152,-0.16288547262744563,-0.07932960714134182,-0.18771671233113507,0.5972334819250368,-0.2181563601599272,0.43177794130383534,-0.3301335512416397,-0.9470337609745244,0.08052528814041808,0.6022129022725814,-0.011391380840550011,-0.047896610965956155,-0.06669275641757712,0.31766683254308026
-0.9382898567212232,0.771654324698993,-0.7201638355911599,-1.3792019444162726,-1.350373933831258,-0.825246613151314,-1.9105802475360831,-0.10542720576302025,-1.4709688569016899,-0.176249864719389,-0.8396367772660728,-0.17876657580474697,-0.7530539304328528,2.140380477730428,-0.7894340054660582,-0.8579013257688914,-0.3237525243311016,-0.5650498645258514,-1.4007944839587911,-0.4874564026422551,0.009204404429386595,0.8138854210108669,0.16394553594670752,0.6512338801784283,0.4727353470770191,0.1115646880551333,0.6737366083920528,0.7569084580470653,0.7295427254792778,-0.2490894654828475,-0.6725604571005775,0.1238930291277161,0.19319859264316572,0.24156608518041311,-0.153075402065357,0.32674595818075985,1.1062441766547797
-1.0334976133923133,-0.8039260273096024,-0.7871495562605708,-1.4603973457820496,-1.425240578074292,-0.9117492765361811,1.0706737838834512,-0.21167152891627372,-1.5557689573117355,-0.29755427351207564,1.3396501506985048,-0.2894462798175231,2.595137521017018,2.328808955136853,-0.9301878851749478,-0.9475878204527,2.278230841667962,-0.6456916123851404,1.638410699479074,-1.343566240957553,-1.1214979082908274,0.018524565834728862,-0.712775712969016,-0.5761367327511341,-0.9713644802003216,-0.4781713945869387,-0.5123454615034916,0.33412270193176347,-0.5126259448495877,-0.8689050507260567,-0.6366798086910526,-0.8628416304706293,-0.5749376871855076,-1.0343808264322283,-0.7287380405555913,-0.9234834986478053,0.47793101520119063
1.41770433030941,1.914003769297113,-0.8794895271309212,-1.572325394357125,-1.5284444203182344,-1.0309933980794448,1.5620595885221962,-0.3581295741096507,1.2033977674751333,-0.4647726815910501,1.1251571925565353,-0.442018507784099,-1.0020530509045673,2.314075156329153,1.0771600232127647,1.5007149264360462,0.8961754822415067,1.9636478731204914,0.5165114997371125,-0.23243442622809113,0.3840603157906899,-0.2943473305279499,0.9775732120640591,0.6807064251265148,0.43963361522034,0.21775597837022967,1.2117713030457482,0.11456558283310044,1.2006841610287307,-0.2483719086315086,-0.23328471666204653,0.3847269313807837,0.7295859429845584,0.5079280028515804,0.09840260805146402,0.19356905568288482,1.4505660178119077
0.7907938888626841,-1.2009459617536224,-0.19583301816642026,0.9517788300477122,-0.5666690025562287,-1.2739792034422552,0.7370309933590005,-0.6565696615756313,0.6149415120456414,-0.8055165189618082,-1.246655647464083,-0.7529175710557938,-1.2961196232866603,0.9971034500668124,0.7185373131490528,1.309869153497702,2.030977582041624,-0.9833789539029798,-1.8362658800794962,-1.0829265973242002,-1.0607880853354361,0.3784755224015125,-0.5168572750565845,-0.5588690597104201,-0.6311308346887351,-0.7901660346206962,-0.2633942446686997,-0.41172266346794956,-0.3568107954069467,-0.6148975210257477,-0.8380834159311626,-0.8110236812563941,0.0517217989709316,-0.7575057644056303,-0.6765881645287734,-0.9015061651865993,-0.06063177676223516
0.4988626211138898,1.0726813327790574,-1.319188606409483,-2.105297837818326,-2.0198744476937582,-1.5988030904343433,0.5714365447677291,-1.0555249384084215,0.06380421384886491,0.6160061214911167,0.7309751014596222,-1.1685280304541243,0.5102489187722165,1.5264207578526552,0.41033437969460046,0.34467120913804244,0.9711385522984033,0.9387986602547775,0.536962252208042,-1.0187568087360785,-0.9084381874866924,-0.01609529393828973,-0.34414843842143283,-0.3329969588548603,-0.44576431254342064,-0.7806204124975895,-0.05397805201288728,0.012102060628341309,-0.13689911467973767,-0.5378693485589885,-0.9144916373990073,-0.7141460544542325,0.30905663026310654,-0.628245971176164,-0.5440312076500367,-0.7869944481744477,0.3325311720568702
0.5293925748513907,1.1176213318727486,-1.1534947356549734,0.5331595314139136,0.7905834860970423,0.8698695605783914,0.46300844209347675,-0.79272216532436,0.5782128512231053,-0.9609685796715368,0.5740144963622725,-0.8947540322262485,0.46381205653124147,-0.8193008325638728,-0.9298368007988355,-0.03608400544830474,0.884703393739167,0.5388327598859314,0.5359633371932209,-0.6403041868826178,-0.8356254343356712,-0.11010549331430104,-0.30909934926858285,-0.4658254577620801,-0.364456157735415,-0.4253585640253162,-0.177990701544715,-0.1909488981355627,-0.2739746246115771,-0.08128455863684456,-0.44263543822260676,-0.6532673512718509,0.5928031887338843,-0.4940457574253359,-0.4032435158513951,-0.7248542244993139,-0.13436516357158662
-0.06641050928909291,1.1510339575495387,-0.4574172123138021,0.4930133516840618,-0.6569625608525413,1.0447672413603137,0.4234989650158028,-0.7972631305274381,0.2827598493014661,1.4036859977395832,-1.350557816808978,-0.8994845690652289,0.6733099261380512,1.8539814385807907,0.16226786214542308,0.5508937473428913,1.6260338557621759,-1.0901683513213667,0.005008210350360347,-0.8278402512647596,-0.8221458688167147,-0.16905857789562848,-0.08134383257007974,-0.23884236019705113,-0.24140635010455044,-0.38151299863790133,0.011098704171874625,-1.141254499709696,-0.08599454722257178,-0.2641142868401511,-0.5310153533026942,-0.7199168539765539,0.4575470828467642,-0.32127208944016056,-0.4734394726984815,-0.8727202851117011,-0.19849093331310885
-0.9428913268393634,0.49054345154423423,-0.7234013112210839,-1.383126185740493,-1.3539923010565238,-0.8294273588659735,1.5044365994136717,-0.11056208232460801,-1.47506731633079,1.483575901896802,-0.8434288851587993,-0.18411581801469437,-0.7581135575187864,1.3820616116524551,1.582906853784265,-0.862235948700025,2.4228034502299627,-0.5689473473153162,-1.404851677959361,0.514776824661743,1.0317527534879922,0.41238770555280563,1.5837696327393616,1.0870890475281811,1.057389848905065,0.5151697622044101,1.803190199156451,-0.019351527523066823,1.8336310275611023,0.357681046098521,-3.912802199496974,1.3772755006633302,1.0040012401706881,0.9199872478468952,0.6220270572839087,1.0838088055925499,1.3656325463819607
1.2302280642024612,1.653360640557584,-1.159580667389079,0.90369659937585,-0.8443537016085442,0.9259539261253007,0.7677376429562147,-0.8023749046154401,0.572204336151242,-0.97198959047176,1.3377542485993934,2.2279372878035284,0.7248915115639567,-0.012292147805393125,0.33745774730807465,0.894467588262572,0.3634318833643835,1.572692682909282,0.4784291028273481,-0.08302710507194447,-0.2223041751768203,-0.28449771319329614,0.7524848735430449,-0.16034221245950916,0.478178206519405,-0.1395766307445684,0.9474636014505584,-0.32575243890008604,0.719567994223928,0.26182532847351486,-0.9307722800898233,0.4008914550058338,0.8615619468641289,0.2797747904856649,0.17649683396829371,0.1900339160697419,0.41597997066257175
-0.8113287826602938,-0.5826836779131468,-0.6308373002300319,-1.2709265714146785,-1.2505380601926201,-0.7098939209288265,-1.7823877375178467,0.036251307123413755,-1.3578865597761733,-0.01448848552997649,-0.7350071526777303,-0.031173411239882317,-0.6134516570973211,1.9101418957352916,-1.7296110511510256,-0.7383029433266578,3.0120308364539294,-0.4575127973755774,-1.2888507584187328,-1.0497528026929188,-1.085345436870757,-0.033417380652921144,-0.6706430761334783,-0.7294642939728125,-1.1629296383311696,-0.9970547234041855,-0.16340785048392256,0.28129641365128866,-0.26854400303553927,-1.5645593869728882,-2.4851007586893186,-0.8679102541154037,-0.35116157526709907,-1.0040074513004293,-0.7293534813017342,-0.6902257257612583,-0.3890658303020275
-1.2404700066424177,-0.29121293029633216,-0.9327699910369824,-1.6369082428892445,1.1426448928307207,-1.099797644539694,-2.2156913391254207,-0.4426363431407378,0.8306412180759573,2.1822885579923024,-1.0886658271395044,-0.5300531801867377,-1.085321408460218,1.8612332229637318,0.8354462534989449,-1.1425575277114064,1.2117988261982222,-0.8209989206748294,0.9663235409789611,-1.011145826979063,-0.6617928072435001,0.4512222748348549,-0.48520238967274554,-0.2520295455992718,-0.5827802572916616,-0.8870819558833885,-0.25021671245820554,0.5971762261776014,-0.3061490653313846,-0.7458894018630446,-0.46846986527661927,-0.5599898115573154,-0.010843188630087697,-0.6816699226050968,-0.5794597081812956,-0.6546396522375826,-0.0744385701661814
1.2131600114050074,-0.8325201008882821,1.3487557456123491,0.8133148713746152,-1.4478196939818777,-0.937837712616492,0.6844174103724213,-0.24371387449293544,0.04960239195870943,-0.33413860734891726,-0.9417615239196558,-0.3228262969237961,-0.8893140656741669,-0.3387357329156385,1.0759589816100372,1.1735909503342805,0.7970315447918973,1.780996901020044,1.3549185570760613,-0.31439299534298537,-0.08068422332427742,-0.1988178756584674,-0.5790024027886516,-0.4041322165696682,-0.43970552918333033,-0.559332908258287,-0.5419425890325114,-1.5879086601150605,-0.4629809614877516,0.08419755801618622,0.35637026922382375,-0.75000781702656,-0.15534550734845123,0.04975855827160224,0.12114836878907194,-0.06265255178827465,-0.7564588226646379
0.775305557423616,1.3348140042291636,1.2514478498988613,0.4232403983624658,0.4153042100372105,-1.4702823089601387,0.5218446667025536,-0.8976731116027876,0.5971222609695979,2.2962980466295306,1.062046756594007,2.241650265994309,0.02899936612802428,-0.9111678640800791,0.7258533307830436,0.9979151796606164,-1.0046842610241005,-1.1663817068787676,0.003649713096897874,-0.6034244358920561,-0.465939128709285,0.04294308188122916,0.06558316122907588,-0.23304873985005342,-0.3165516698779583,-0.20843269504853512,0.15823900297370413,-0.9599183227911885,0.10501632803803292,-0.3339528827512285,-0.747351088500207,-0.6093318703008402,0.542589401693452,-0.4843347299511987,-0.3844405908231125,-0.7122546206470923,0.4691146020545089
-1.570015120745929,-1.3382061665538902,-1.1646294291032295,-1.917952022759024,0.6972728633099008,-1.3992115901271722,0.48121286501579064,-0.8103826152994716,0.6520221312665527,-0.9811323905902017,0.8631179694864471,-0.9131517528570089,0.9687177459063965,-0.8347596080393203,-0.9061880173510332,0.8847093197852094,0.6962093451090051,-1.1001263250900357,0.8260560802001645,-0.9348430105771259,-0.8034008819940684,-0.10486511462166076,-0.40424106206359267,-0.4725705133731392,-0.614291356267906,-0.4550512921031292,-0.32956814124937783,0.27281825867085513,-0.3660129178760374,-0.48308786362907913,-0.231312928922561,-0.7551535217331139,0.07389641129623434,-0.9049707884323853,-0.48061574577062144,-0.7942396630568144,-0.16227831802797305
-1.2412570090487949,0.9349391596699849,1.3586014583381125,0.4888591223488445,1.0021107618018283,1.1828314731050467,0.8953574809893128,2.5509123449569233,0.9539678275139466,-0.5622609690841599,1.4741431125110942,-0.5309680761620319,1.2480293405936358,-0.5136278892257133,0.6660568941116976,-1.143298890491117,-0.614337074114682,-0.8216655181437622,-1.6679257444547018,-0.7585632498079226,-0.87678722221325,-0.13365088621674523,-0.28836437096599915,-0.5381459044102258,-0.7473538262254418,-0.5811576618076708,-0.08481604454183171,0.16852403844707786,-0.2381276082635229,-0.7477934356434637,-1.305906966876146,-0.5933949608904858,0.5645885552704016,-0.7432595313933228,-0.4877418076382236,-0.6875069465089797,-0.07526245299946982
0.5442286154768659,0.7822455279574348,-1.0207304979099592,0.5953306505033591,0.8097339775943536,0.9588486551381129,0.5983204207701325,-0.5821482334890946,0.6212871955186533,-0.7205458864836594,0.9956022941418852,-0.6753892722407644,0.8470602345045346,-0.6349785113426674,0.7656288747527555,0.9246223782842846,-0.7334920697611298,1.0075295873087595,0.6096554119283508,0.13359804549580084,0.5108598196592808,-0.177410955632386,-0.5103285456159556,-0.27381655387884857,-0.37036056098180614,-0.22117826365128646,-0.6151956276590573,-0.4101345564262704,-0.45851834142697995,0.329670568922797,0.9169007865951602,-0.14077000195304304,-0.34879402391524833,0.6226478671839746,0.48963708994562066,0.741461248250156,-0.27577052980429584
0.5519336263709513,1.2935686069824932,1.1510801360821088,0.41119737577773097,0.8416205210143426,0.6636345618153874,0.48554110826866415,-0.9103723074006133,0.19037883786051807,0.7275006419777932,0.630038225756711,1.7042106524309462,-1.5462028971289064,-0.9222838898231374,0.21626190890195943,0.744955433766563,-1.0155991617960418,1.335695133350764,0.8361429940456543,-0.47381428544858234,-0.22661915944626204,-0.02634961775210495,-0.0032524315610422527,-0.0565799919867292,-0.11778574536274243,-0.08235714822856387,-0.04693506833573839,0.6429041769044427,-0.11256682646440803,-0.35317367153471185,0.501820461895897,-0.36165623829004234,0.07532930686109733,-0.39220785341562114,-0.26451215525251487,-0.531719708537477,-0.130594365193351
-0.8191996613999482,2.3300327932308393,-0.6363750473959346,1.7657807697566672,-1.2567273277385143,-0.7170451447152616,2.0248517461578324,0.027468029231415815,-1.3648970317248381,2.619226427062447,-0.7414936060556782,-0.04032336455970374,-0.6221062197129203,-0.1013612510317096,0.4766111722991711,-0.7457173762355183,-0.20952967698540917,-0.46417949598236197,-1.2957906452770316,1.0058677915108531,1.6606010208149111,0.1800616579846224,2.2511290574474616,2.1210445091389234,1.6229631483434543,1.2946523711912803,2.2874888425771083,0.6499447985435726,2.3259550517059506,0.8972271861444614,0.05873592317563946,1.895729216009987,1.438570487410427,1.6111802912872253,1.0863251328911563,1.590682564428101,2.308472385785577
-0.7556791995079555,1.431841074238409,-0.5916836896130976,-1.223467305511564,-1.2067779959939395,-0.6593325241766161,-1.7261983913065564,0.09835183866105268,-1.3083203226953195,0.05641476878337361,-0.6891458913675699,0.03351963066229546,-0.5522611829641797,1.9216350839313125,-1.6793984365560202,-0.6858805754644406,-0.14860536661339663,-0.4103771457232778,-1.2397835800815804,0.37804425344790804,1.469405065558505,1.3651998120518836,1.4155113044667882,1.7610885084713443,1.310917569042198,0.8119744910822002,1.6127967835360146,1.104047917948396,1.6081866353527337,1.0166211384900323,-5.421192293404913,1.0805656848576617,0.27860488880030476,1.1863922721843545,0.7932898690925996,1.1146889563441291,1.0850393133971634
-0.8963324174755267,-0.6673328332955452,-0.6906436640884799,1.155337338797145,-1.3173806905579384,-0.7871254519091695,0.27341948603088906,-0.05860602343748007,-1.433598004091082,-0.12279180058563188,-0.8050593199671637,-0.1299907499769148,-0.7069188930179542,2.561578970225766,-1.8063098243020788,-0.8183770707771968,2.0710170323315253,-0.529511570643329,-1.3637999003982435,-0.7787123237055413,-1.5078668538676057,0.8044300384972886,-1.102481112350808,-1.0904857363373115,-0.5102843439552964,-0.4069918236957784,-0.666724799540656,0.4806931888192271,-1.105382642328139,-1.6936756393314472,-1.1784433566764136,-0.6298929216555755,-0.4417279702053122,-0.7193152157065418,-0.521851924185854,-0.7367351329897129,-1.746486965466097
0.6762598539121003,1.8888125018920077,1.698707909608987,1.028640048518215,-1.517786764771622,1.0173377421050651,0.476355976470701,2.9066609053939336,1.0628318183907715,0.7755488328486954,0.9834744470480611,-0.42626267722302874,1.9047404669554997,-0.4256486614860048,1.0561194448275015,0.6117570114370051,-0.5279496760492691,1.3901021737418764,-1.588510735799346,0.5229620013163159,1.125813431425663,0.9205209525934064,1.6537842270634153,1.4560076389147163,0.8494143009530885,0.8805637447848488,1.581193594658526,0.9208171050702707,1.4926088836876064,0.8422508317387689,-0.3247830582974277,1.2513218638212078,0.3789677979962881,0.8112184918931329,0.6324062459589233,1.1285280645338789,1.224165988973721
-0.4781979975089774,-0.2509421040824623,-0.3964550765461125,-0.9868248474227835,-0.9885805805674392,-0.40722215154103913,-1.446025810614182,0.40799890445610737,-1.0611720375749893,0.4099541686859746,-0.46047143968845056,0.35609352989252246,-0.24715186584905263,3.3466317743228293,-1.4290271693500756,-0.4244909868628338,0.11753487181449657,-0.17534830028374804,-0.9951237128832916,-0.3254034785404269,-0.9091335987287685,0.6356473147946604,-0.3665232776579909,-0.16971940114115844,0.2591732722467968,0.11071775965783999,-0.1116838747674141,0.14422104627572135,-0.0974834045334174,-2.149814517582687,-1.9851222225130039,0.020154241940324016,-2.0558515013745207,-0.37413070209385724,-0.9016623732342848,-0.0938602221187886,-1.4941267722327005
0.800469685582416,1.930998884388718,1.7874117833802654,1.20666629883202,0.44093591984520714,-1.0406835798507899,0.9052513706059668,2.165604769801754,1.153402431936534,-0.4783614166064894,0.7789197996737549,-0.45441704452638054,-1.013780314293489,-0.44930550743615466,1.1478733982352902,0.9967217595535812,-0.551178492902652,-0.7658900799404033,0.35002842430390957,0.06913476244281094,0.5186241279032402,0.7900854348241453,0.9317158360365834,0.689385940781142,0.8767845299533382,0.35132910585846405,1.1865848232189067,0.025689196525542222,1.2136423885700156,0.17089869060193613,-1.2851017164178347,0.8106220102156327,0.6066133192969057,0.4397542872995053,0.06653998259419341,0.6457388039934786,1.4457547445159438
1.0455635982501628,1.561203235319912,1.573589208121496,0.3915544933097962,0.4113932647765207,-1.2618976452780843,0.470709039044141,-0.6417308471442416,0.9343783201389193,-0.7885743091725127,1.2813655094402199,-0.7374592807639191,0.9782823770725043,-0.6871331420589454,0.4349670189680781,0.456234421468485,-0.7847030539944932,-0.9721159715958609,-0.3861322808349877,-0.012663332478404055,0.37904514923407157,0.4183170216858579,0.440306529123739,0.7798845697809781,0.8513549201252038,0.41614848022946305,0.9176891414455055,0.5642906650187035,0.8916116255478937,0.34427420185362095,-1.3659119358932166,0.1498368585252943,0.7111068154551047,0.4083633688722592,0.24170393395961967,0.507877619401434,0.8469816917398009
1.6279856946765134,1.7723475015962464,1.6247873868458036,0.5717051711337162,-0.3579512265001351,1.117347533236686,0.6980517258825755,-0.594576382395151,0.8095550185068463,-0.7347357199796288,1.383816720487988,0.845989039061098,0.5443757591091395,0.7144167979173145,0.81474451997165,1.0934095475722667,-0.7441740069678734,-0.9363247091182343,0.755958929610032,0.48448055851519656,0.1767520326389095,-0.04617572636835275,1.052279864143961,0.5885118241144022,1.101625672949533,0.4971389716144034,1.2623614330417436,-0.4863947484635721,1.214018085207474,0.31550755231593064,-1.7317629172668283,1.0748555079741136,0.7062871421280738,0.5480931377902424,0.3833360602300362,0.8152203639374296,1.138444552312372
0.9729568091981755,1.3017460071536453,-1.0821908805735014,0.9104670734019932,0.1563644392137145,-1.2927537668457314,0.8906342465726897,-0.6796289605988927,0.14038028443619627,-0.83184446338436,0.7478127697573012,-0.776939526440226,0.8028821236824224,-0.7203066131575936,-2.30845021869539,1.0562573962526272,1.2925958200677095,-1.0008814624837297,0.39692981417209794,-0.16602733266033728,-0.26849103332362256,1.0081864363387323,-0.1072671088959889,0.21470500718816798,0.2092224107103902,-0.2663388196989821,0.3590381952677052,0.6252495073700909,0.2551452316395879,-0.18521269133598625,-0.800926901807868,0.43222254495890317,-0.3957760325864903,-0.14649704717299264,-0.22021665313740565,0.33444726464341673,0.31435187014445676
1.4918977316907165,-0.6322817009307216,-0.6658793204114353,1.3301618146086143,0.5939120534229521,1.462846660106341,-1.8326765403355436,-0.019327936913830286,0.6402289870537545,-0.07794606273489924,-0.7760524411978185,-0.08907292150757654,-0.6682164104801364,-0.14232330663139597,0.998384983671086,-0.7852203449057157,-0.24975059609982603,-0.49969865023659277,0.7654609109338116,2.1221133581301266,3.0089576721846947,2.5196375288647803,2.1023082743565946,2.5067715215008075,1.6393551344977018,2.244388984499384,2.385283477189866,2.090605801405726,2.5619319165240624,1.5873679233204767,2.450222041791606,2.799028947895002,-1.3738809104640561,0.45826770940522354,1.7215341032056843,2.2503364241689012,-1.2110653177694035
1.723589958651307,2.180236901306589,-0.9396094125685882,0.8887029324801651,0.5343240314635004,-1.1086297982074218,0.7263374860670946,-0.4534841731576965,1.2666025801466285,2.463491477104529,-1.0966769528857374,-0.5413538744716081,1.4453564522421518,-0.5223546074656121,0.05665824938389516,1.3458534624834058,-0.6229058977081924,-0.8292326591663077,0.656103061129247,0.6534701511610966,0.7664162362690486,0.9722697639749296,1.7864887587448153,0.9467228559711753,1.443672934626249,0.6280622759547696,1.8355533770510708,0.3646722216628575,1.6090987991108292,0.6361279204809561,-0.38540060158931166,1.4686660421031446,1.1588997307346622,0.9974562133223508,0.37892414291136806,1.1651105649102178,0.9441018267435746
1.7616904805558005,1.6757877436069533,1.7343953459460064,0.9898147013812845,-1.4003386509298512,1.5528751842552273,1.2698306001945017,2.953963232448682,1.2261292846976124,2.0187610070218494,-0.10836085165536861,-0.2526323160882635,-0.8229204807950751,-0.2797548944062154,1.1388032986280723,1.3643479235107039,-0.38469560056144836,0.8873407135958046,-1.4568188004065707,1.1670337205171826,1.9011990622726245,-0.2742044817335974,2.1030103917434793,2.5088864094119927,2.2351019158241536,1.8840477901605894,2.556231718255021,0.32041414403560436,2.5564645926359777,1.818337663625928,-1.0113117920796966,1.7740367034467952,1.9245314861654128,1.7561590827719178,1.3446993146643644,1.8345050954118933,1.3844595557433546
-0.7756596958579336,-0.5471633371930795,-0.6057414512297226,2.0932114278602945,-1.2224896645001178,-0.6774861516798418,-1.7463726848643182,0.07605518568662048,1.5413069813595321,0.030957575148493063,-0.7056119763282539,0.010292159504838427,-0.5742310877831216,-0.05883130736153417,-1.6974268368747063,0.8109059334352874,-0.16776923798263776,-0.4273007893957648,-1.2574007215251277,-0.9055096536134355,-0.46976915872770925,0.22018479334027383,-0.6501233894902965,0.0828055307486544,-1.5603627068118433,-1.0502261204339358,-0.16591712128436698,0.09731880270071817,-0.2668493829249402,-1.413895706300179,-0.5896669923739264,-0.9474409907844137,-0.6688603554234,-0.793810633484899,-1.0179302388370817,-0.9264599552562078,-0.2794662205796177
1.0524602925359763,2.15663691497799,-0.8389285192576293,1.1220329940076597,-1.4831113774511544,0.7997412060011508,0.9121788075391724,-0.2937968060981011,1.4061297313138033,1.800715468155386,0.8346783613740915,-0.37500004025082584,-0.9386630527925837,-0.3825749780043841,0.9702217387954504,1.3462274604400795,-0.4856553352523799,2.240982098888658,0.6977766881650639,0.5164343634947115,1.376717837649616,0.2363735338987872,1.473705141953055,1.8320375186564228,1.3986255497807603,0.9343285785924746,1.8440278438687452,0.7926556196223686,1.783803941523797,0.8876471131423651,-0.6521457580785954,1.0831334749831152,1.3018325451639148,0.9777273627948914,0.7129454816472902,1.0672576097326683,1.0608863393870398
1.2162732990298455,1.9615156563951106,-0.7783741171021845,0.5979114578104217,0.4513892795422173,-0.9004170276331859,0.8581566071500248,-0.19775303129561486,1.3495771728082546,-0.2816628350328543,0.6763505752530217,-0.27494672679448817,2.687895335494989,-0.29850468802998087,0.5024770068561775,-0.9358384749270929,-0.40310614958573243,-0.6351271705176323,0.3116670515255376,-0.19750730249954426,0.516823232447524,0.9777123393057731,0.15121886946432841,1.1597528900638345,0.8550723464466875,0.29266815197600166,0.825647462062683,0.9007321620730764,0.7814875392160305,0.3615899058980287,-2.0798944177248857,0.403554481346175,0.721166851929596,0.3043390876143967,0.24428591882689485,0.4589811773533581,-0.2444635158682695
1.2695870295028737,-0.9763248107546566,1.4224077906919907,1.1708757982898825,0.5090796982727279,1.2768781197072785,0.503679895274936,-0.4048605609351793,0.49122367168890124,-0.5181277650527116,-1.0607684005631344,-0.490700372721144,0.39498403871186494,-0.47979275285758044,1.2647943198641445,0.4452111107705044,-0.5811141251399641,1.9840994444742879,0.8911774056696268,0.6945309384507417,1.0471347662912838,1.4463207325749574,1.330277725143123,1.269056995382916,1.1456928529201085,0.48593991460430846,1.6555222459383723,1.1381982634635885,1.6479848233566816,0.7419364052425461,0.827014056749515,1.555457082770077,0.1729923157506533,0.5957546395084388,0.9586785284927826,1.244202842066361,0.9038157605275309
-0.9696072406737717,-0.740302088175155,-0.7421979387660654,-1.4059101418222666,-1.3750003668549644,-0.8537005670817771,0.5797868320866694,-0.1403749282733166,1.4743639192641818,-0.21615141138035565,1.376323487128642,-0.21517326059091463,-0.7874895086369198,2.6439823033287246,1.0498235232698592,-0.8874025606217856,-0.35378993216999305,-0.5915759446333646,0.09176805745260032,0.873511359722328,1.229158475979817,1.2361498810346057,1.702834941242523,1.9572818742143536,2.2812062310695786,1.0644750872932764,2.0140608814250394,1.02502689974286,1.957922619365631,1.54682253482914,-1.8172961940167565,1.4313015950944448,1.4854523988043167,1.489740397893963,0.8855714395584632,1.5019183629761903,0.921329779600862
1.8141972081461613,1.5891562967094495,1.6679705136068392,1.2290276982008614,0.08103614730292458,0.9403848688191674,0.5172962726571284,-0.33591370987134583,1.0910311509219783,-0.4394077284597765,0.8530710551705886,-0.41887519804945267,1.7779961697319855,-0.41944129568423716,0.7184681100302914,1.3267156844157348,-0.5218546216343631,1.1139889955724958,0.7239760079207156,1.150371621041651,1.0163778913886004,1.8573962435950147,0.5558467255384586,1.5975466984622761,1.8533083003192605,1.2420936793550807,1.080157311667048,0.6820847850714293,1.0339200330634828,0.41727935090365625,0.7220924300645902,2.1190130462182557,0.9987898924032477,1.373604555086583,0.9998076370870657,1.7763677536191032,-0.45026586822077924
1.3871631297001767,1.829537666399563,1.6611938832982092,1.0641126201080215,0.09082851007657042,1.0436903863674665,0.8697553614348112,2.5937730990074392,0.967937697797858,2.1372576699116044,0.6385625252463192,1.7049729375859464,-1.1757284514782373,-0.5931723726399273,0.8802173540079983,1.206873743534387,-0.6924423397455816,-0.8906403958714368,0.8551120378583839,0.7505989689882249,1.1913770740977483,-0.030144000051378534,1.4009935939628064,1.3243305996846901,1.2838797900507959,0.8508645968578797,1.6721585891220754,0.21573145877754166,1.6555335776610869,0.6686770920649802,-1.3110015280718534,1.3106294038665973,0.974310834624705,1.0394892593143266,0.7123481544659781,1.1491584299923645,1.4389545564322035
1.3615292306704097,1.5417186240314171,-1.0322223234196655,0.48513628323088126,0.8706911905899773,-1.2282263834555038,0.5611237088386581,-0.6003751214119646,0.7345748129172819,1.7036230708060183,0.955165655685533,-0.6943770778994944,1.7945334267932496,-0.6509331086724567,0.030285549159447398,0.9014083889042642,-0.7491579966612792,-0.940726077923805,0.5472734984632044,-0.1833835273958462,-0.2140622173113429,0.2966689894348664,0.128439383120036,0.04282305175318473,0.5087303918101828,-0.26674359870084685,0.18109401065869984,0.305881260831634,0.1388909216951435,0.04782837687322277,-0.8026136367497735,0.08281458580302233,0.5790275780825763,0.13230784430283615,-0.3437125343633489,0.042234781548106504,0.3487665428705476
-0.5421115435069713,-0.31458911985989496,-0.44142299816203256,-1.0413318140972012,-1.0388390141010968,-0.46529191548156973,-1.5105592744829333,0.3366764442668619,-1.1180988606374818,0.3285217814287604,-0.51314309809511,0.2817935715613656,-0.3174291251133614,2.4926625889123173,-1.4866963569846388,-0.4846980761147646,2.0813666759907936,-0.22948359599257276,-1.0514773669809068,2.0652810968808697,-0.4087439430223245,1.8321187298328963,3.001264801244639,0.29990658849578034,3.1531629304769453,1.6048744386251441,2.8095297879684473,-7.133067349059791,2.628463791024491,-1.070365623826184,2.167450621815883,1.8795840010737606,0.6877100504323411,2.066774792059463,1.331537466070641,1.4980405462016468,-0.43007176746841713
1.6186142352878996,1.9344816218249774,1.6515543013068708,1.0923469588574828,0.2736854094341129,0.5773359047865221,0.7149919612731417,-0.38769707419005767,1.2020049137123487,-0.4985313616812593,-1.0480931604142731,-0.47282036204013006,-1.0311872515958322,-0.4647689857201308,0.7660217015714659,1.4917077905674536,-0.5663621866939399,1.491122405678315,-1.6238229449135804,0.5555816203837001,1.0069376977443443,0.515704368161407,1.2556274248454709,1.335604801015611,1.356107028528158,0.7859985345481849,1.528877536706447,0.8971551043793062,1.555537517885075,0.8410775245170242,-0.9352862529803055,0.5494960035353007,0.9720615787588031,1.0318484174411413,0.4619870947247068,0.9288632761419311,1.2754246355527723
1.24206132150836,1.0986366978524456,1.2584786679021454,0.8752133705168907,0.5273504708536031,0.6964202255411043,0.48173599843714865,-0.640056331479879,0.7703932981663179,-0.7866624316561339,1.5849216515696607,2.4391894187886765,-1.2798482891602572,-0.68566738316141,0.9135661090674403,1.0765103863098224,-0.7832638154310003,0.9681765799673312,-1.8232182862395392,0.48160205101787434,0.6185560566896587,0.7264911037905991,1.005271479658015,0.7687680460658778,0.33989859683827744,0.4102305726787954,1.0885123661214842,0.619147595401173,1.085947159923168,0.6761692742889017,-0.3929193943699341,1.0901127105080257,0.22800069342993562,0.435887704322817,0.5232763334439606,0.9506947751516182,1.182624343831564
-1.3001292789376457,1.7919816895234362,-0.9747447154611107,1.0961387375151792,0.9099242755112777,-1.1540021141079524,1.1292708772969768,2.942298645186672,1.0813766589410718,-0.6372702555420043,-1.1378315049634629,-0.5994075146456913,1.8618793047980458,-0.5711344648726803,1.1600402351649663,1.1816799438145378,1.2582204405089514,-0.8715308117950129,0.6781346162091472,-0.9111904063957093,-0.3923069119532351,0.27485832285173917,-0.25576376822262353,-0.07347490685811663,-0.6916126185860829,-0.49311891953241105,-0.08870217691125845,0.09365690940776071,-0.19466443205218772,-0.9206609890512681,-0.3340373431840114,-0.7483982383652813,0.3274114791652584,-0.7120018237256909,-0.5998430276377844,-0.7604113639551658,0.22818736790595764
1.7101046014717163,-1.01026491300534,-0.9329322096174646,1.3081816738599006,0.5870827783730381,-1.1000071270849587,0.8183583606768774,-0.4428936338455922,1.1272285634185657,-0.5615520091632592,1.52301363063802,-0.5303212120044702,-1.0855749286770386,-0.5130843584277653,0.9001234803311657,1.5711587131201377,-0.613803377552329,-0.8211942099056476,1.0040213244471543,0.7037477111676991,0.6098617306337917,0.20183799144279227,0.9407878331532542,0.9834970559444967,0.7595461016231725,0.48439120379987616,1.300677381114285,0.07131573156843286,1.2062106430481785,0.3412423832545227,-0.8867226130157356,0.8238690606892217,0.9847629856368983,0.6969686451696945,0.619525332038211,0.6508209349815057,0.8685628146524679
-1.0690776443309014,-0.8393576835438056,-0.8121827478532991,1.5953441751202226,-1.4532189446651338,-0.9440761325310812,1.2920761086212629,-0.2513760281820352,1.3482077787274265,-0.3428868679218069,1.5996012499617354,-0.3308083224781092,-0.8968639336947465,-0.3454426692454087,1.2993946039367223,-0.98110450404233,1.5993848686187304,-0.6758281893206471,1.0744119943730714,-0.633002217170257,-0.23652456230700983,0.5842487724739122,-0.291945606862941,0.10390929592682065,-0.3290439653569626,-0.2761154744010537,0.11552844104540959,0.3355788371435796,-0.0515763440322644,-0.8435880344434608,-1.0349156010983953,-0.1361730199311628,0.3324270078014168,-0.39513639518629834,-0.30482785535768103,-0.27784005657156147,-0.3493908659969846
1.1259934886789276,1.6960189288452727,-0.821474060967877,-1.5020031075554525,-1.46360338819352,1.5698914224625342,1.10126269547431,-0.2661127401737606,1.164337935704062,2.1485673372516954,1.3057968851647603,-0.3461602478606348,1.4506543822707978,-0.3583422002453246,1.5658683396578705,1.5604184917892248,-0.4618610070650944,-0.6870136736593958,1.1719020864885268,0.17604001422028667,0.5322242425919996,-0.4269472676968324,1.0194496864813838,1.0238588615427031,0.6972803844612795,0.3238815823661923,1.23923463146281,-0.08423653539717765,1.1468760698964535,0.50902089701842,-2.121573224362613,0.5747651772784944,1.2231285656131166,0.45715604846195607,0.4583056256679694,0.464658331043115,1.0393341578340607
1.4673533338765525,1.6604052590792726,1.7705795069263297,0.991920237974335,-0.07384614999593561,1.1639283057968273,0.8195036139566158,-0.36885419804364844,1.0108255235623194,2.8100922732536255,0.770421182069076,1.7979540093126827,-1.0126205099451266,-0.44827519354215634,0.17757617002001805,1.3847554546622747,-0.5501668207298013,1.5872877347215462,-1.6089347186558012,0.7097685731745309,1.3960111436424107,0.803848537065704,1.2219150445575546,1.6446377339072846,1.1149467024585211,0.9862577211262269,1.5928068113727174,0.8268287797797641,1.6111629968075134,0.8847481455243158,-0.721392063474236,0.9301399023201982,0.8013323999315592,1.0223314556647896,0.5919640680735883,1.0676697475102197,1.4117933391982704
1.6920940945198757,1.5960472599294655,1.5992004465113228,1.0841264292946697,-1.4529618038225323,-0.9437790260162244,0.6856626229921445,2.8249861394329114,1.3388785031872525,-0.34247022953493067,0.7345008728681777,-0.3304281762509541,1.6882525963705404,-0.3451232495036172,0.8661443085574436,1.8156776770597711,-0.4488812300305712,-0.6755512130089255,0.7504293737185475,0.9773782786263365,1.200367570815666,1.4897098002495108,1.683399779082157,1.723311458124927,1.5216881209696462,1.059093601106792,1.9545450743297756,1.027611516102945,1.79031949709995,1.2613259758667765,-0.535973675669189,1.9618514490170562,1.383817240182299,1.3209975093403872,0.7700843338726888,1.8295377885765909,0.9670319179751877
0.9771935745309194,1.6690487382349442,0.7337990948940483,1.412301576671066,-0.4431778742001216,-0.9537814734976585,1.5417493613838715,-0.2632963245245629,1.376709870156992,3.3760461742102903,-0.9562231691867229,2.407777396759904,0.29213942175711766,-0.35587689855551263,0.20590566534921323,1.8580350521193087,-0.45944031068140706,1.2394324556985015,-1.5255308108855061,1.0235100606166037,0.9757294742429642,0.640602123917672,1.610069372588405,1.4400984865996986,0.9949235497794379,0.7898998212014169,1.7989113290215781,0.1590666602134431,1.645381052969489,0.7257923732947532,-0.7172589005804111,1.7457705951293492,1.093615840935498,1.0254537983442436,0.7787878710971542,1.4663263647827156,1.105531278668867
1.6825782906530133,-0.7507336800547553,1.394303642521284,1.3542499351605877,-1.3832376025010862,-0.8632180608805536,1.2874996498496891,-0.15206450691978407,1.3339068081304715,3.7643351501425664,1.1850415673978727,-0.2273508439782061,-0.7990077813808568,-0.2585120128078981,-0.14697739820662323,2.0924021477601373,-0.3638370716127791,-0.6004485886091748,-1.43764377842313,0.9556090431776769,0.9233808696913092,1.3478736533763667,1.260935632847966,1.4048960190414708,0.7685538372326819,0.8203455001883705,1.5578030455287823,0.9272168478756937,1.3461345707039636,0.4608906528018022,-0.7662498942020651,1.4053229500447144,0.9150467915907092,1.1172533988749742,0.5699628159728657,1.131814069650761,0.5639932142698907
1.6710451104413695,2.120526589201748,-0.6772307302010511,1.4517650179955386,-1.3023897142786605,-0.7698045289800299,1.1610222521191913,3.3970507523713502,1.7106776061445446,-0.09850232517012075,0.7798091240165976,-0.10782871995367913,-0.6859567449259651,-0.1580829587567942,1.4635865960595376,1.8201079506410245,-0.2652251049868225,1.8322888919178295,-1.3469908549817715,0.8686088441780345,1.846063812666307,0.199637907653538,1.9624662805186404,2.038244808210335,1.064137053070835,0.9970668656167156,2.2216534054027846,0.7484193592795974,2.2605023944740914,0.45621499956564354,0.22673186393799077,1.5414871848901461,1.180275894734094,1.2423563991122093,0.8698858620956673,1.2858837130702674,1.95127115162213
1.4198974619902802,2.1875980754291287,1.7830807491228353,1.5176691934292827,-1.3993239794257404,1.8076201711548514,1.5822202387506161,2.8156020366880945,1.469527361033499,1.680872905819419,0.24063140842190175,-0.25113226833160684,-0.8215016476291997,-0.2784944718822517,1.3618532261522445,1.5067938600247897,-0.3834579831703249,1.8421172749915484,0.6049891180570165,1.1638798404481805,1.5820410280854114,0.4191160679082713,2.22055554555444,1.7218978378647427,1.7392254184516396,1.0119565372263837,2.285871453052287,0.2185357365851645,2.16885582156601,0.9540411714600552,0.12730471575881971,1.7981390128078147,1.421053170724255,1.4017203612438178,1.0512658920081217,1.5169346581906087,1.7274848953268382
1.6793821333425893,1.5674658677528097,-0.79647778303197,1.0958655414264478,-1.435666278180727,1.5543625335767488,1.503063163629568,2.8443574823630944,1.5511498472673493,2.7250760609118307,1.0222271101048213,1.6885921576604928,0.16298115527956575,-0.3236387887747926,0.7379760437961932,1.8946556896392084,-0.4277854929016577,-0.6569215357741255,-1.4964308763550207,0.8991222515640387,1.0769795942091553,0.4689006602491957,1.9441389190484926,1.5711498458845587,1.6099056970988237,0.8544178514432345,2.126163142631825,0.3424885450187718,1.9984217265721007,1.0275395319997336,-0.8809060717834479,1.7392727677530921,1.3117498183334604,1.1341383476193212,1.0300311873051344,1.4477886343223023,1.291840609290712
1.6252126754666054,1.644198231968017,0.905493003197935,1.1932476179587492,0.16350721490051207,-1.1101815087283418,0.6620451233910368,3.167384921864914,0.5661939948688304,-0.5758197473089685,-1.0980844179924945,-0.5433392799429382,0.3551533913206181,-0.5240228542025313,0.32945861671773347,1.5328660047184743,-0.6245439604490922,1.4526185732274939,-1.6773088256070898,1.1079522541991333,1.0182922416468394,1.3887795303720818,0.7134606325592651,1.3410678634618696,1.113770378508385,1.282049999285748,1.0624551570495704,0.8853289404530377,0.9611931998913057,0.6540942060184628,0.14598355285302,1.1674737476557455,0.48334609144173474,1.1629677634356421,0.5253804720038869,1.132862123125341,0.7489540122267745
0.8758855499387213,1.415002750051823,2.0248435531581883,1.0358145165916717,-0.06788432071188354,0.5489732316602339,0.9734911063518408,-0.1902772779723333,1.0007099393016137,1.5765289158192977,0.3245953942808712,2.0553200945041072,1.3853520772089192,-0.2919609141002506,1.0545718060679268,1.9940664429960084,-0.3966807737573591,-0.6294529114451292,-1.4678366416010524,1.6069818599704058,1.8872508621796433,1.2159296029694961,2.2946967064495376,1.6941673403880888,2.0269572238994367,1.5270809049044531,2.324726649040273,0.5949669967351794,2.3832912406335347,1.1887310988357191,-0.8425184111920602,2.1606271045110863,1.2082297260667028,1.809029966591563,0.809123638773753,1.8947593121411526,2.0945208775405284
1.897056985163192,2.0041636572544834,1.6812222732958617,1.1423717082670817,0.5165246559320965,1.1114693340088575,0.8631966046540045,2.6088682358663617,1.198135504522989,-0.5049624751552653,1.1375588455961727,1.7849591549149615,1.02891819000487,-0.46969945941147845,0.0876660518470688,1.5313235144677342,-0.5712034521195201,-0.7835741515881759,0.7855257695393973,0.890228414359741,1.089641666262631,0.7685942973380389,1.9076186104074182,1.3635440837972177,1.4500490970200772,0.9689802588053886,2.051529461273202,0.15682153158768417,1.9759903553966074,1.1066082154950727,-0.5613588229730802,1.8546216531372364,1.2299587313632308,1.2648499330993872,0.9191765194133322,1.5134519215206654,1.4686554068702504
1.7391524690651403,1.7506365903792847,-0.7229224277185587,1.7393597374787453,-1.3534570765271894,1.735845163561592,0.8023986309613073,-0.10980253755765484,1.234738640033596,2.7692087061122774,-0.8428679611188353,-0.18332456453878332,-0.7573651435637941,-0.22151871442421592,1.1538370631997623,1.9973448995749752,-0.327513102019882,-0.5683708363473265,-1.404251542701057,0.27296821178742586,0.5444954295478477,0.9046639333747656,0.5169341644714404,0.9041778214287695,0.6173396606335767,0.34414745498293636,0.7819303560802606,0.330981200125079,0.4251575616780805,0.09744382502701292,-1.1424858065649104,0.8101023282800004,0.28148964854947667,0.46834008175993347,0.29907895307074334,0.6744858497391581,-0.4809025098747782
-0.46553964219360144,-0.2383365362346172,-0.38754898440680047,-0.9760295059884373,-0.9786266795699385,-0.39572118263747813,-1.4332446778726458,0.4221246273986361,-1.0498974330752926,0.42608220658444246,-0.4500395890259551,0.3708089592711855,-0.2332331494882621,3.6639338679830358,-1.4176055363233258,-0.41256671140048634,3.5678406688868836,-0.1646265698980367,-0.9839626269859484,-1.1731770026859765,-0.3648933131442151,0.2409872168846718,-0.43764553512983695,-0.07001606614589173,-0.882423723634575,-0.6256174762118448,-0.08049085266979544,0.39044758173043054,-0.10457899045659905,-1.6403364076456213,-1.8374513658038834,-0.3258573865065449,-0.52777581349324,-0.7282716332682354,-0.5182252742786047,-0.3360845298500264,0.7103401229609498
1.5567640498176214,1.1624713128214106,1.7397677936301,0.8061662240538876,0.8725398975987317,-1.0121192239018604,0.18837238743581788,2.19405852991657,0.939709015012188,-0.4383050509948042,1.2348003656218975,-0.4178691009367478,1.7375796958068463,-0.4185959176244249,0.8381395289252571,1.2125873208761169,-0.5210245392064424,-0.7392610780107409,0.6155585487538903,0.5402759168344153,0.8481225147564176,1.2731269464753563,0.5638777632707987,1.2764544279822647,0.9424394484325145,0.527853070659454,0.9744003776221427,1.1350844692594557,0.954028415476315,0.3693963913504529,-0.20219288146574263,1.0523034067332238,0.29833370254842073,0.5552279569551852,0.46218875125612063,0.8965206261678211,0.8191482956957225
1.0539732877639165,1.7772598548916,-0.9472996250282112,1.3072661229969773,-0.028792877723156366,0.9935539853283194,0.5531795771487888,-0.46568142071303203,0.8902760755829611,2.376147038472268,0.8403338990494434,-0.5540603204174097,-1.1080287700265041,-0.533031261324495,1.0253375860246157,1.5944896431628537,-0.6333893762588646,1.915498755734204,0.7680863078393039,1.4023191278643627,1.1209481510291386,1.4375777474704836,1.2177921943342698,1.4318413947290722,1.9236823580749411,1.2008313143840836,1.3087497541144717,-0.3712608136645525,1.0880624808718131,0.5414472041180387,0.03704636530250536,1.5333961401976155,1.0614893592449257,1.5455157850062915,0.8873415120404088,1.1866991438184773,0.5570264122303995
1.6540889608296354,2.1597993998737195,1.5736037693413012,1.6322286335655383,0.6431575744572916,1.600619094678502,1.1655368238151176,-0.32779788360911055,1.2062461690295576,-0.43014148742791897,-1.0038575900659752,2.501531578835895,1.4202346815685125,-0.4123372447590091,-2.02397023383848,1.5152004717743373,-0.514879106039133,1.0200387517568301,0.8381541427501824,1.0405854191725628,1.3177608123427227,0.06464861131496524,1.9672501019524526,1.4022415339941137,1.7702171000701847,0.7850281527276103,2.0974516984987837,0.2503810240789209,1.9220209399071437,1.13563864487724,-1.0190639059239537,1.532057120696279,1.1259359300487102,1.2832463175171718,0.8554133434873262,1.2238806213971871,1.2580866996620819
1.3368771179849168,2.061417960526947,1.3504364060198615,1.1761223166483579,0.40050967907774504,1.2067485963888833,0.9861877314078706,-0.4508043259134472,1.271374432556287,-0.5705840383197531,1.2882668534962276,-0.538562151667133,0.8581305087399331,-0.5200088486137296,0.016392010851302596,1.4975682633710905,-0.6206025812446452,-0.8271985969278912,0.6517680211732667,0.3769601058856071,0.5560047333817938,-0.05611760524145715,1.0911449495774346,0.9688156299051881,0.7824112590980544,0.175918040014521,1.3406717816758495,0.35191485845289067,1.2410410097438263,0.4635004625474711,-1.8304519933361578,0.6046170936211798,0.7134246235838994,0.7321449163743847,0.3081137911420845,0.5525882650535013,0.7277491026792102
1.6150002098976897,1.4265133833342738,1.414171049530341,1.2924128766846281,-0.2388348683527379,0.5056745231350592,0.8629650866439973,-0.453058806333215,0.9178495865011929,-0.5731580903381385,1.120849695318171,-0.5409107498619049,0.814542111610675,-0.5219822698273509,0.6814886827169393,1.482029449113313,-0.6225402968658393,1.721038856428543,1.3550537880220763,0.22992542483362174,0.40849526838828565,0.4161411492624087,0.9076077447446617,0.9010445264063249,0.7755180269153956,0.1479895937345953,1.2435186014998483,-0.46032687168535663,1.0519917456014114,0.4373993235130033,-1.3664372125337183,1.0054515220278648,0.853073203718142,0.5168468772183298,0.44044620336007506,0.7963439688795597,0.6204073734384229
1.3561591855394528,-0.6956136958168956,0.9443445967156835,0.9042545735580826,-1.3397124814823411,-0.8129281229470741,0.8077510852877331,-0.09029738660130858,0.7037663212961277,1.651759834503179,1.6424378097186154,-0.16300513221053647,-0.7381458324644369,2.3434696056817765,-1.8319345035944161,1.5510969035796043,2.657245465039143,-0.5535660033106461,-1.3888400366032703,-0.051512422625470386,0.3839789105317743,0.7028512556761366,-0.08598928206523888,0.43398721425860826,0.9513575856797359,0.23834122597217877,0.6182450948491902,0.7815509127722314,0.6313310748885456,0.14853552530569883,0.23351978593608713,0.3200665345494111,-0.34239744134208033,0.1793948788377163,0.4963827485153522,0.17921947218679843,0.6311013719476017
1.6035752708687205,1.6381637454814197,1.7568255699113413,1.383634361802676,-1.390906123448368,-0.8720784484786559,1.0796648947660714,-0.16294701442186565,1.3438318147600827,-0.2419230807195046,-0.8821151733457407,-0.23868766342887734,0.4876742234210052,-0.26803783125089553,0.7211674731571585,1.8163921328693204,-0.3731905370940709,1.7421780664653472,0.3339050312393778,0.9752702424936882,1.0314892657430186,1.3413695097492575,1.6080606891395595,1.433899850032113,1.0592317935850406,0.8590458553190806,1.868345434284519,0.36492128645328864,1.5180858295378201,1.1122800276313207,-1.2822419983180329,1.5166137501482513,1.3068157867068597,1.2059126343116382,0.6979188319366535,1.31963154774964,0.4564774919507473
-1.3214524721230128,1.7199170009564995,1.6592757127970847,0.775023439678377,0.3968358284523363,1.2811664222575847,-0.2185759326187419,-0.5330063668982676,0.3064132730297953,1.6957060919336358,-1.1554041169983844,-0.6241958805612626,0.10941713115776149,1.360209188243069,-0.6506099436385213,1.124832199771867,-0.6912548599309848,-0.8895917306584799,-1.7386354401180342,-0.06529244809259185,0.4642227352851469,1.2292060880791076,0.12446108948063091,0.6639229467485133,-0.3642690825574005,-0.2813347685278213,0.280316965801523,1.140154258464794,0.3466460135613378,0.19690191359642492,-0.02489451063653199,0.49772550065473636,-0.7660206062655296,-0.5606275633596932,-0.22901702428136533,0.48052766505870287,0.5623725757421906
0.6874852381348207,1.8305673394965931,-0.5785963023882807,1.4362091430057997,-1.192150867202316,-0.6424319991037745,-1.707416682028935,0.11910940585074423,0.9573736482392604,0.08011471190680905,-0.6738164217240988,0.0551437638337817,-0.5318078092693359,-0.021144525669921768,-1.662614494528178,1.733934846538769,-0.130764332444825,-0.3946217015752759,-1.2233825086909966,0.42628936967120745,1.1088418015016461,0.8765588153855828,1.027045039864155,1.3761098493083312,0.7962637887621268,1.1567942789353027,1.3424247668104037,-1.241339145079578,0.9947158666529391,-0.26964837237521905,-3.4931695618313197,1.4801758939113308,0.6736955440147331,1.0280628813122317,0.4384125406372015,1.1639112080315066,0.35837303510655966
1.3183795983578597,2.3012730701954855,1.8524248426951562,1.381654046282561,0.24348538562427302,1.5864546178264014,0.8630719334024795,-0.2834482647368957,1.2721587688792309,2.981033021736403,-0.9711053831243665,-0.3642194784209949,1.3763643927514484,-0.3735165577700919,1.3247827004140824,-1.0081783879723558,-0.4767608112297463,1.5344535559392,-1.5414533613010184,1.6745501084323866,1.1140984011260682,1.2773836902669042,1.7973861129194157,1.4792454083829802,2.0067758771675472,1.6724372624888473,1.9578183964835667,0.4911361043444653,1.928603815304946,1.1218230349485359,-0.8695419779836324,1.7601070271958883,1.4405632034463947,1.8485529645806393,0.8019979374106239,1.5517765013581744,1.5389533266179123
1.4037823172437314,1.7283538390162665,-0.7744248184785429,0.9794317141386217,-1.4110187647222412,-0.8953170623565088,0.2669784172692827,-0.19148915065051972,1.1602826439872322,-0.27451105208718873,-0.9031935495773376,-0.2684213479771141,-0.8378546733909799,-0.293021706303355,-1.9137551083876636,-0.9305507994870981,-0.3977223727878187,-0.6303727491178761,-1.4687941724200355,0.7751691172195259,0.8410860902814726,0.6670383083016599,0.641325062062709,1.0925311423129762,0.6171099340694518,0.9518492246709321,0.9195941305339447,0.05545847622920425,0.6053541910088589,0.9089938430199959,-0.3863590645546419,1.1861537907669841,0.9065645391989757,0.39497875611267746,0.5331333484568803,0.8145955229719596,-0.4972896235054279
0.6017312874741907,-0.8183110124093141,1.4180744034928792,0.7176640446834834,0.8710679256809742,-0.9248737361644124,0.5239063040438096,-0.22779125604825437,0.5258357080257748,-0.3159589648086051,-0.9300026653857173,-0.30623895706165966,-0.8736247865658132,-0.3247981388076499,1.1693913121890624,1.1237267395533763,-0.4289238665309637,-0.6579268352408842,1.1994164883994638,2.741355578364826,2.317648818488783,1.4304571715788,-0.8513140483436491,2.7746345603152966,0.9215142066097315,1.8063163621185896,-0.30491952727539623,-5.915745392469213,-0.17074134385480524,1.4393423563813041,1.1156326129176402,1.8326188490907274,0.37627371207286125,1.9960975195342705,1.393303228300203,1.7126386196139016,0.2783699468009782
-1.05395506155902,-0.8242981644817953,-0.8015428888672625,1.1605775567197687,0.20252892706630832,-0.9303362469086837,-2.0273673260922624,-0.234500422379473,1.0897780560229677,2.2360086571925075,-0.9349573867491383,-0.31322821090292735,-0.8802356328610104,-0.3306708938103765,-0.32939096326398626,0.9591068164076053,-0.43469036434181246,-0.6630192381436514,1.1980629165203742,1.9916037694685602,1.6333366177939437,-0.6164260572777969,1.9274256266419099,2.056064141615946,2.0506662871925387,1.7164944350327433,2.130419000742748,0.177255545986883,2.2857157960111656,1.2198502445766215,0.665748777597158,1.7918893936858957,2.545590419504638,1.390277317804575,1.6880129525951055,1.3362558754519855,2.3827926805032558
0.9986265364272567,-1.1716653878762209,-1.046964954344193,1.076577476852963,-1.7156234653942073,-1.2472644236158168,0.75161463839103,-0.6237580279243062,0.6469050185066444,-0.7680538508072479,-1.222424246095407,-0.7187361504121149,0.9650986211462664,-0.6714009394608612,-2.263274669630208,1.044424657614796,-0.7692554979838031,-0.9584742116143515,0.6600607301406202,0.5196066240595116,-0.25398954330864226,0.9003539014256468,0.021888324576528256,0.19338471301908142,0.3726023527852887,0.10889922350665422,0.3784701322791112,0.4235770871172753,0.05906265794067907,-0.35789456994065555,-0.5248519368695136,-0.48639353286763276,0.49285545755316645,-0.14176623795175228,0.0015200368663832303,-0.5975101385668387,-0.7202828005919658
-1.207825975787039,-0.9775274111561402,1.4683214963470161,0.1821715347597012,0.5183432494256444,-1.0701383424897228,0.1617867951799629,2.553771513876955,0.7300491899419022,-0.5196664172646511,1.2176085870516367,2.363072058694187,-1.0494270924113551,-0.48097237506169244,0.5017020136170319,0.8583192271628615,-0.5822724041511748,-0.7933491598003602,0.7561913516680075,2.042900201098454,1.3288200800180778,0.3701272643211521,0.8701490222645124,1.3910978998111507,1.6349274133631901,1.2557089370425603,1.3490547995323765,0.4989884201762187,1.5111918911231272,1.587247988962018,1.4296439380223989,1.1933323295863059,1.5440481802673152,1.2733513525862217,1.2318352206685579,0.8795678475854032,1.5190825472988705
-1.1710044850639139,-0.9408594722331942,-0.8838958426764892,0.763423934735269,0.539227313432839,0.8715044241510215,0.36801266763353285,-0.3651183175024245,0.8285757898753379,-0.47275207625707244,1.1653720150070896,2.9235967308972164,0.7428589088404387,-0.4450050538474565,1.1871849812343656,0.8624470354753202,-0.5469558484719936,-0.7621610562831701,0.8021912166405165,0.5856576335786037,0.5955773542956593,0.40524982770372964,0.08368974548489634,0.7152189690413744,-0.24207337631918477,-0.05115765102929031,-0.5838916477337519,-0.9517877475515175,-0.40360564701271856,0.8416912780751324,0.9542832943906001,-0.7496770010137722,0.12379531747187333,0.4051916523768252,-0.10265901334310906,-0.7286837114902186,0.7093442189043911
-0.7762188706598395,-0.5477201801421528,-0.6061348721903198,1.0469963582355664,-1.2229293717511625,-0.6779941996725035,0.14677225402670835,0.07543119085227006,1.1725334485150292,0.030245129323398165,-0.7060727967020214,0.009642114763419304,-0.5748459382332726,-0.05937751066075114,1.749475881020279,-0.7052291156672578,-0.1683055586920409,-0.4277744150220922,1.1254894697019255,5.7382317669277745,6.285956419701921,-6.984620358045389,5.654580420382785,2.072951618282467,3.8690411666673112,4.294859075692719,4.456324128669122,-4.449620189325458,4.942183090295746,5.228651014684236,1.4631983743564714,4.449863987312726,3.1116541311540584,5.4087526758760145,2.14433735343274,5.6561797368041935,4.22651845361526
0.9572353001069308,-0.727515568860669,-0.7331640007054828,0.7185422176528862,0.8932506257497759,0.48423638137397246,-0.13008979576358207,1.7140230320133774,0.701122827865025,-0.1997918573655976,-0.8548640822320503,-0.20024659292767294,-0.7733709907146571,-0.23573753221709054,0.46191508807390835,-0.8753071135660926,-0.341474655266595,-0.5807003050496194,1.1474851893496856,2.1455414548543987,2.6757416982582916,-0.4761902507813636,1.049470715936772,1.2255494324261171,-0.504622149288515,0.6098873540395535,0.5038292808782877,0.8334023991035603,0.8071983350575092,2.4477391626725473,2.0617980836336263,-0.2703454834245299,-0.9753473295406739,2.007404664124962,1.5105699164953266,1.4906833414512282,-0.006832756023724095
-0.11378675835789974,-1.2040062205782418,1.0600851853643882,0.733438655809276,0.6175079453089296,0.7169811721010044,-0.10861849108072838,-0.6599989690698108,0.43234700357498224,-0.8094319292708345,0.953770551918562,-0.7564900418209102,-1.2994986757089408,-0.7031238328739279,0.2089477394860417,0.5862367754342949,-0.8004044213315853,-0.9859818727420285,0.7099947269874785,0.4880865592960377,-0.09474535694624475,0.5742683116109724,-0.2389243525275041,-0.3195388478816288,0.1875184542158632,-0.027769658237013894,-0.1532236525865465,0.055569003716318725,-0.27967843596695746,0.12169785199975444,0.47229080984280825,-0.3809800202802997,0.14473129184171454,-0.32665461666048107,0.15288413288783512,-0.615042266718098,-0.43071212994581615
-0.7492395228364368,-0.5208533407301312,-0.5871528992888397,-1.2179753986513264,-1.2017141545668981,-0.6534816439237795,-1.719696254156774,0.10553800828854312,-1.3025846006549446,0.06461957476523557,-0.6838389029256798,0.04100580125240748,1.9590017577786039,3.1674687882636166,-1.6735879167909709,-0.6798143467477947,2.5003286616363702,2.1285326955992656,-1.234105608284199,0.11313185476497765,0.6063627201908373,0.25917253253138195,-0.13018336665997948,0.6763922512347605,1.3580760079604286,0.2127747789789856,0.29045212169974177,0.801360244507007,0.34239908366145716,1.3820790023524232,0.4669843182758506,0.11068885007831941,0.7304883160056181,-0.526048421261127,0.39390508827559895,-0.2803849900789136,-1.4416274888104579
0.8116520880921526,-1.3083534030943433,1.3568870922259275,0.5964849360908291,0.4766450224010806,0.9799278368880847,0.5779216995043154,-0.7769297894697736,0.8525336207350461,1.2876152395316633,1.449871726342756,-0.8783023721905131,0.4517690346520493,-0.8054772440990275,0.9560830618035044,0.8794881594880469,-0.9009059272667733,1.2658535172797134,0.871572330100489,0.9110102232595672,0.5274168334808828,-0.7928915903376276,1.2732062484069844,0.4193869454901489,1.0801344191976072,0.8405684052294943,1.3981290292875062,-0.4820093574644976,1.467741544318668,0.23890069267390163,-0.5639369624262589,1.25286843919112,1.334358839560457,0.7666122754211394,0.7739966294124324,1.0030790259123237,1.755279356514183
-1.265232420648102,0.16344723040215714,-0.9501921865143469,0.0206937382734107,-1.607465304085669,-1.122295966506573,-2.2406939316836407,-0.47026923785081187,0.7967619946257607,-0.5928080928827232,1.0529595849884492,-0.5588396651184133,-1.1125493546164564,-0.5370471292754982,0.6754321468032759,1.094287347103758,-0.6373325841293388,-0.8419728876755673,0.749473366864343,0.1887507864033045,-0.22973578778796408,-0.0428191708767658,-1.038999442696942,0.016164095815667197,-0.892902244741421,-0.29397605005486754,-0.8370608218082793,-0.8611714873367662,-0.886251829242549,-0.7626598292384847,0.2674268200730474,-0.5291287542433967,-0.4523709956530284,-0.24676005247486346,-0.3247366928011956,-0.5906193335486305,-0.02346782580269248
0.9534608536622781,-0.9049736897294913,1.4118830807353697,0.663132733488529,0.8011795653489384,-1.0039423484625152,0.6381680037340003,-0.3249049270909956,0.879414515575233,-0.42683845560769945,1.8180352833473457,2.5622342523949593,-0.9693152972390362,-0.4098049443172425,1.1446764602680288,0.6468029923063605,-0.5123926231282881,0.33822151720209215,1.149594307076964,1.6765016510132005,1.0814265999933386,0.925997442256676,1.3049857390386068,1.5928670426357232,1.2167842349722957,1.1130425239169894,1.149162186957674,-0.2898625583914767,1.3910510540715755,0.9033112469966948,0.6055226556301652,0.9946416366796279,1.68275167036636,0.4528497597621444,1.2043719832008026,0.7529872237525359,2.123107280953786
1.2439826329367767,-0.9878607333459251,1.0974962258209957,0.5947147283725468,0.7728618576468366,0.9735187383900328,0.9323577709707113,1.7493497180744608,0.9187977586354066,-0.5328872585552256,1.6625830786979452,-0.5041671245770354,-1.0608368585052217,-0.4911082575063314,0.8042306641202864,-1.121581418229253,-0.5922248955969942,-0.8021382199874822,0.9721571222212162,-0.22791672916852548,-0.5626068552469933,-1.3920432088951418,-0.5537553795480661,-0.18086337504685612,-1.5087401100394189,-0.259375623835725,-1.3047630868391065,-1.2594635442523177,-1.1356524929293372,0.11851881001974827,0.6543357361277884,-0.49965136594717247,-0.5388554772494781,-1.0542835199260219,-0.09263771916939745,-0.6390440529629428,0.5640058145608297
0.6942000810617686,-1.1772975860010595,0.2730212695051339,0.5354378115101349,-1.7200708923732733,1.009946928912141,-0.048127375297624626,-0.630069435012762,0.6224199091732595,-0.7752598970485208,-1.2270852221378266,-0.7253110397588783,-1.2700077464980561,-0.6769255226539329,0.21906039302728278,0.837410674687336,-0.7746801235426606,1.2380175009153722,-1.815327390334893,0.1899172228918771,-0.47682888596432854,-0.5810235151056544,-0.7682570953526457,-0.3763983613958829,-0.15595950578171544,0.17325110352343476,-0.8062802128425819,-0.4828378019469345,-0.8740931348140674,0.08780290792066806,0.3020099672617885,-0.5245022771652763,0.3662689199483189,-0.4963350584644422,-0.27305527366093646,-0.6465440550346755,-0.7248051276611014
0.8422363874737147,-0.8993799226270022,1.2413631311371687,-0.019110468245285357,-1.5006150979121764,1.2316424403719015,0.4583159844319658,-0.3186365855732987,-1.6411443192668203,-0.4196815794627213,1.3777757840580651,-0.40087680578955304,-0.9631388156534664,-0.4043180578414131,0.5509372149724377,0.8370458125687198,-0.5070050122307528,-0.7268804126210636,0.8666373605991068,1.7059936526224,1.676495350375772,0.0002041569014247168,0.1426650998622411,-0.1460552828778818,-0.345318829098629,0.8937009993700906,0.20226583241921922,0.5731393544573538,0.43575160711420013,1.8324592799652224,0.14416996829856527,0.478175675557792,-0.03177932349575196,1.5745691940126858,1.2397766800392425,1.1337701817653025,1.158331086029477
-0.8826171469429441,-0.6536747577444493,-0.6809939536770178,-1.3317229555857293,-1.3065956840042483,-0.7746642043008365,-1.85436755038633,-0.04330086674072049,-1.4213820212869508,-0.1053171447218847,-0.7937564571206901,-0.11404664903306463,-0.691838027012981,2.7140673141476546,-1.793934536756194,-0.8054571724336518,-0.2703552197656822,-0.5178946244324085,-1.3517069144845433,-0.7297456583176879,-0.9338677073958662,-0.5374274790431914,-0.6490450106728236,-0.5948189041844779,-0.54460451765419,-0.3025190136328866,-0.6852757582625714,-0.29568224106851265,-0.6512770697134445,-0.29204376017920297,0.1907210399439717,-0.3582504588915794,-0.46423617147460805,-0.7604658828947785,-0.6804384075601739,-0.4876508471946061,-0.09269647887044141
-1.4045075404099978,0.7756849692698939,-1.048182566655317,-1.7768032877785358,-0.2375947075466175,-1.2488367991434643,0.7173192741120679,-0.6256892513935121,0.9216415149478621,-0.77025882434584,0.9419527174064317,2.6328395525315993,-1.265691752643967,1.410498433999612,0.3857459628936463,1.294524046378437,-0.7709153757327889,0.9890038018630773,1.1137384792693898,-0.5120248406947655,-0.5024969014578488,0.07877009726837168,-0.4390554460794922,-0.21350967814974792,-0.5474536989013061,-0.5563535235669422,-0.2815917678480088,0.03477679530230684,-0.3225014330368936,-0.6756538375134944,0.3150392360541861,-0.7526990844056018,0.2141060483401118,-0.46888613922686406,-0.23713968812785532,-0.8020148440443152,0.34918312839976107
0.06306701098336698,0.17968753458639508,0.4468579019239648,0.40581328700458197,0.5647708016979976,0.7878843701034545,0.821325187259072,-0.8137811271885549,0.6018735769364973,-0.9850126400307813,0.6885004616399163,-0.9166921423931639,-1.451027220401031,-0.8377344378040215,-0.10785062297684522,1.0595437140681128,-0.9325794836806894,1.301390203513603,0.13771159564444851,3.4659810938644204,-0.7056200937966179,0.9077513195351287,-0.9525278142129716,-0.3459896997229419,1.5314759022231978,0.7604174556852731,-0.5023632317976662,-0.4821456930411249,-0.8248122896894384,-1.2973911208373472,-0.11084079100623864,-1.1337031263972859,1.4145113998460208,-0.16234063897743362,-0.33461778509357437,-1.0319943863098135,-1.008094243231191
0.9781494884232967,0.3434412483112457,1.3301400733769089,0.6026538106886935,0.7435723550920764,1.1225787510626386,0.5237022085646329,1.9723475095418517,0.5153706090144877,0.3610549138145191,1.1412157571955344,-1.0985223068138728,0.378758410391617,-0.9905181300264015,0.16417652679913386,0.5858577795504931,-0.2524010661762859,-1.2351881741079964,0.12566070483656372,0.06522811046593871,-0.22939679299434965,0.016255266024148254,-0.12383501470631963,-0.07373416546671946,0.29933768660301485,-0.14445685345747186,0.09617754160232647,-0.1302088285141957,0.03513813214939563,-0.2019340443184321,-0.7150949662118964,-0.16976429208077096,0.4226149564337385,0.11738223272946297,-0.1478398448556188,-0.2903326941723808,0.541134995930095
0.023058306135749992,0.8839006025127624,-1.2802288545718024,0.4626382743634711,-0.45115796332129904,1.2501304078792312,0.0984831967894643,-0.9937318812785115,0.8243611082754576,2.401059268035549,0.970401638794752,2.283526265780754,0.43646908501760145,0.8875240832830842,0.20125860554224037,1.2208066107401185,-1.0872463347157917,0.940383600956006,0.5523516348709026,0.4070233749518906,0.3659556218220895,-0.0959141654334932,0.40693596908563967,0.5586302310205865,0.4338152025594365,0.42887168181816393,0.7298224406936796,0.04708175460510289,0.7055813908705078,-0.33716151781858433,0.40036571481860683,0.8052785189689077,0.5753958289907012,0.4311075084555313,0.3194331637632129,0.626063613450029,0.8063681730729556
0.3838456805443573,0.3609090513135878,1.1551754950017779,0.10355091824491172,0.31276516197486787,1.1073837078336348,-0.002375884875259803,1.9184281148544942,0.46473637385272937,0.08783546412362543,0.6787015030794605,0.3546787180657257,0.7005737635753935,0.7252903095791644,0.26857908041855394,0.5074961143272281,-1.1705635526969589,-1.3128699592170614,0.29509431706634326,-0.051798369687695564,-0.14577433314307117,-0.03540296168765186,-0.31553435645329275,0.04154083380014055,0.03196194979910051,-0.026130797012035824,-0.25582949570559255,0.342866920680794,-0.25287164797773753,-0.10246693194082881,0.28037329691132457,-0.37038866788011104,0.16119433759004156,-0.3426712608004881,-0.1973268420666308,-0.42921407062069267,0.3495933659652763
-0.13774878808366275,0.7291793438112206,-1.2135363461888358,0.18357426700943968,0.636323817695314,-1.4623680142660809,0.4460103729075825,-0.887952614567171,0.741571578732658,-1.0696979028166238,0.7360238410565705,-0.9939600662276543,0.6184839773533671,-0.9026591917985054,0.4353639129352896,0.9178585292733327,-0.9963295382300893,-1.1590036385947573,0.3076653203344176,-0.09045780327216756,0.09445672602116058,-0.31808194438897164,-0.08268326865108735,0.19836999722063323,-0.24849889994885516,-0.030226887158596522,0.16020876132863623,0.2715168727669251,0.07563953172837969,-0.24487607243543863,0.5049752926446817,-0.24396826708364275,0.29985554243199447,-0.2909726543218505,-0.1390207555837235,-0.2931053769128409,0.31237882503757186
0.716042816669555,0.0407087893537389,-1.054404583410956,-0.08982584592994927,0.5559000353120294,1.1763802115100241,-0.043864900745528526,-0.63555783162591,0.18080321272623814,-0.7815262714449895,1.223204423249236,-0.7310285604189866,-1.275415712946551,-0.6817296975805304,0.19802080341325007,0.6582778521199539,-0.7793973753579154,-0.9674305188000187,0.3577772607991739,0.22421730489368255,0.6659624926886797,-0.5639861616465522,-1.1743332434873142,-0.8158870268689165,-1.2530335564320774,-0.47762672321819843,-1.4475192453949375,-0.4979499438960145,-1.216991918818649,0.5580660869227451,0.44325037069112017,-0.7054088894509414,-1.4006536410036,0.39254434692154083,0.4624231779742504,0.6571393623329814,-0.19003251539562382
0.30372676209204874,0.4672016007101655,1.2139411885998348,0.5649261826340145,0.43819536880734333,1.208888086736026,0.4213711876556464,-0.9240978678278355,0.5852235430010028,1.077102369772786,-0.10989681430109513,2.2056723462606245,-0.06588072902086525,-0.9342983264438428,0.044559504337009934,0.5516596663216432,-1.0273962182780019,1.3715006858696381,0.7462681941971265,-0.23497073736189383,-0.5803076895005372,0.06504123682938996,-0.32775888711285456,-0.21912653383307637,-0.4815470063364603,-0.2795763832233286,-0.06907620356103658,-0.9442113497356115,-0.12502107725352876,-0.3832423859246482,0.014031833731253827,-0.4020080362172997,0.757939491956981,-0.4778379434858895,-0.11660304825271255,-0.4918396310022445,0.529284321679197
0.7887568979296453,1.0351952362195906,-1.116710088684717,0.2993030149549443,0.7211868473997096,1.105524268602994,0.2630008207459966,-0.7343789859014814,0.3638566941615979,1.5660072320244012,0.8361233634368017,-0.833975200585767,-1.3727886843975525,-0.768231119589794,-0.04414844261969885,0.9202317575047023,-0.8643337059932185,1.1988706820018147,0.5319133519969326,-0.3330481994629821,-0.4092851366348436,-0.4978194642101336,-0.8310677958177138,-0.08779163797481199,-0.5016407513514906,-0.34744970325795344,-0.682834597918813,-0.3781583758773276,-0.7565165716396649,-0.05522004304160069,0.3481795469297078,-0.7055984538208884,0.22489286806891826,-0.7580299513358357,-0.3730414410775331,-0.7591609611625241,-0.5529965845244106
0.6144691770756356,-1.2980945788812335,-1.1362897699955408,-1.883600671861804,-0.5576789473981888,0.651127014597419,0.5050509279813361,-0.7654338132234305,0.6628423163422114,-0.9298121157750604,0.8773026545985256,-0.8663264735211055,-1.4033884161695933,0.8743336408110316,0.43889908750900064,-1.4150480733263298,0.6787340135489057,1.347318249290426,0.6700758111654598,-0.6620596998740637,-0.6910336929216125,0.23224373819618105,-0.7487024519177792,-0.20572782135217352,-0.8735911730932199,-0.6132978163378341,-0.5858913790859434,-0.11324476756056116,-0.5867425271119403,-0.6299059516907128,0.2452031078337007,-0.8087867866058092,-0.3140785495113443,-0.864587128614525,-0.5066242006582446,-0.8593555710652857,0.29523925006083923
-1.4141392609800056,0.20565966451762052,1.1707797916354534,-1.7850174443228026,0.6030683622919066,-1.2575878664032762,0.33940233924306346,-0.6364374894419828,0.49403455234988836,-0.7825306203659634,-1.2317880322585224,-0.7319449413024622,0.48478184131924895,-0.6824996911363602,0.1002583942407829,0.798413985903448,0.34368304153255624,1.4744729860359371,-1.8203589489158347,-0.4481280984488906,-0.08882594162802876,-0.4389570783268258,-0.8632071498266151,-0.7481721071339744,-1.1928839867257113,-0.9578731016103318,-0.6928077212498208,0.13583252865870296,-0.6607009646820263,-0.44667991473870117,-0.6959173300635372,-0.844668121956649,-0.6032516854570992,-0.5168883452164729,-0.2266171414593365,-0.055941754537863264,-0.32286170462109665
0.7979591318876936,-0.9091973836957572,1.479177258210468,0.752029572590044,-1.5083673893364704,-1.0077959291619747,0.6117106385836559,-0.3296379729546694,0.6354432369414148,-0.43224240862129665,-1.0052164966038295,2.4556546083353092,-0.9739789822884398,-0.41394793577129047,0.7549580097069469,-1.0471695820199145,-0.5164606544251906,1.6955316602382162,-1.5779490014243056,2.199431293035952,1.1808186290814915,1.5589763831809038,0.08242522421580116,1.1638109269330088,0.6510582133132757,0.7524041929929893,0.3056295876081021,-6.581933728336653,0.43562504618296166,0.5702323222751117,0.9128807322108845,0.24753001304916086,1.2112947684782742,1.4768719905744367,0.5047067197492041,-0.06862475940743926,0.25081710300635446
0.5125816045027488,0.8787277270401624,0.6331916179909863,0.45222426234643104,0.6572945041639131,1.1663754030912035,0.48255731651581896,2.047159228095843,0.6541131375118371,-1.0344489671015016,0.47307445378565055,-0.9617984835568824,0.46695108301138116,-0.8756352633771097,0.923672177615841,0.6399258606367808,-0.9697945603517069,1.0596924040896614,0.63011844591067,0.3221435556781193,-0.288802745795565,-0.09240625876598733,-0.07158743954781933,0.2295168423969605,-0.12915959117361628,0.09116384848664089,0.0809725021368726,-0.0975714536991477,-0.02228202103112099,-0.4496619520417636,-0.5191549504522028,-0.14305184793989814,0.43149879236942984,-0.33839928658421253,0.02340588013547299,-0.2770308507594487,0.2311967999615456
0.914882294815779,0.4708448556936907,-1.256867255407255,0.29031750781005683,0.687523437014019,1.0173204416418415,0.19749521130542289,-0.9566786516317881,0.1766249925544826,1.4225812691750777,0.7675572411837054,2.3190171921250187,-0.051083898097828005,-0.9628173631812527,-2.532464232988786,0.58653764607197,-1.0553992531121528,-1.2111681927831124,0.6174860131542937,-0.017656754588947374,-0.36889367105025345,-0.0018142472924127541,-0.4897909286693325,-0.35712367889818997,-0.31133851877520574,-0.0407142579795727,-0.30009264092352456,-1.262411772516931,-0.2941743766279638,-0.40073711755882624,0.05165034050025058,-0.05062037173075386,0.41799968827066136,-0.33912182478920144,0.00483581221372404,-0.19354034775387768,0.5917363121159163
1.1861160194427494,-0.9290763695082916,-0.8755708390097247,1.2897379358494516,-0.6964900045213901,-1.0259329619735011,0.5035375561717517,-0.3519142439926554,0.8379766047302989,-0.4576763311892884,-1.0216675294982875,-0.43554370633331047,-0.9959288038597184,-0.4334470919588022,0.1080932692280685,1.0524768955336143,-0.5356070076131713,-0.7521388778261208,1.2877727081164947,0.42275626623385915,0.906603858035906,-0.3081158329285053,0.6780096129889644,-0.30908447066377426,-0.1374797404209438,0.20660157642447216,0.5619769686856304,-1.0021853763432709,0.6837839677217945,0.672760208815837,0.30585076912854875,-0.4272164975377781,-0.2550102370673691,0.6769524892137113,0.7530404617031594,1.0549306561763958,0.1768510778109767
0.13964376313088284,-0.2731509858525302,0.8837471138918864,0.20653575436267002,0.45107190713036016,0.6444500799499989,0.14275179475006428,-1.1273631883174915,0.2654493318302778,1.1865398284173887,0.4002738690155962,0.8015621604093248,-0.4109653785311149,-1.1122231786317955,-0.2163332427467088,0.5197743653430565,-1.2021018326210235,1.1680107635018333,0.3909613889767311,0.3247537275624421,-0.14351046846543275,-0.13209920823378254,-0.12062714543895656,-0.17495867040021462,0.10680892344806595,-0.009742384178317718,0.04685969030226531,-0.047609476978186974,-0.016386041811708368,-0.3134999714708394,0.1849685518305118,-0.5075929433148569,0.4333698981126826,0.023090941495483713,-0.0062640919072848595,-0.5866161339609852,0.2618144716463548
-1.6437566086824458,1.0469784016082877,-1.2165120370479472,0.9302806641903311,0.3727989802361053,0.34718171125450814,0.03618700337182395,-0.8926722810584804,0.7973220601013626,-1.0750865799377638,-1.4210175033131514,1.8629911169689812,0.03267877272612673,0.5551325555400808,0.18070014586842345,-1.522456844264645,0.5937971956866372,-1.1625859679265853,0.399888553825489,-0.31241678188985456,0.06555046208658855,-0.5919961526429043,-0.11423150681284486,0.19991718542161524,-0.546896726992973,-0.28122972437216115,0.017919265486216238,0.2797331112603429,0.004814136038590081,-0.35562753433672734,0.47332976908883945,-0.32242255255400626,0.0966719480909251,-0.3635763432180171,0.04912820532281644,-0.36874250299130634,0.3765964988963047
0.5228845065555464,0.7644231541937934,0.968016210011602,0.5251816184289994,0.3420454088858962,0.9088325563694991,-0.42205380933003334,-1.1242300684318702,0.5888292283104163,1.251003009840477,0.9689292700631406,-1.2401013929592037,0.3854813151593936,-1.1094806552579441,-0.4836414250432688,0.6627015125135189,0.5733196971657026,0.8783544587971172,-0.13758795459517997,0.6381527756127715,-0.36348793799840257,0.2900731817863101,-0.6061163949461638,-0.1313926993532957,-0.2240415160691271,0.38495528573155097,-0.5340708674197681,0.22016949349921114,-0.6821112506392611,-0.4034393491234494,-0.23199165008897044,-0.30888056760374555,-0.29510940520258977,0.11955542614529815,-0.16837916516737733,-0.3913582055302468,-0.4682049798819433
-1.651494096093554,-1.4193453608905982,1.0695519669728863,-1.9874391983583577,0.6859101615343521,1.1901935327760444,0.5179346783998995,2.1795104297054815,0.849067240667617,-1.084944929391242,1.5795898330830493,1.3341296960273392,0.3943375586434822,-0.9143484682669248,0.37129853683035474,0.7864254300638918,-1.007807317761885,0.8507449290276321,-0.004858719447598389,0.08845179604820931,-0.13144493753591804,-0.40439085850775247,0.1258029298051863,0.04177926120909351,0.24693933405683371,-0.026786858740798274,0.2895338074156447,0.1550459963159402,0.2603611203742378,-0.2662168534741,-0.33721994548076367,0.1521201159062007,0.5152179371954002,0.07888257285195154,0.09409423762920073,0.0042166501632523255,0.8718421196078182
1.2803635179290818,-0.7154144142707717,0.4949074406931336,0.435955669006788,0.8157860043609758,1.083278927220547,0.5652543065079133,-0.6864916730574965,0.9172202432970936,1.077502107523819,-1.2687530619872374,-0.7840887364977593,0.7704611630550338,1.9425795523090146,1.0730490239518304,0.8607944825613796,-0.8231747793770542,-1.0060904102307,0.6557939488608907,-0.6489926484417807,-0.3652933303029445,-0.330488892011978,-0.5426283582998355,0.0021673838074302895,-0.6153658052570689,-0.35501772550059174,-0.40252016311495925,-0.28137831220612625,-0.42341477925133075,-0.5222852552007646,-0.4673107315855643,-0.49817848223295536,0.14586220679041131,-0.7532948883219086,-0.3962327403584239,-0.5311623595209453,-0.04803875423670396
0.7222681386688976,1.0998670453282746,-1.1124938695063238,0.4190344167490019,0.8906413272633782,1.264111299944086,0.5247998563512306,-0.7276917494517181,0.6900938025011768,-0.8867201312194296,-1.299179330856913,-0.8270087921325303,0.06754108095746265,-0.7623775605370062,0.34088437534979166,0.8382765957747755,-0.858586056815294,0.7480347632983603,0.7873099706085315,-0.23677260375397685,-0.08443747061723783,-0.41433053675913306,-0.14112234296849743,0.06268875752766938,-0.022462068679744804,-0.17675415519286264,-0.05173232609864143,0.36686441383163704,-0.07794834251725835,0.01298101107864149,0.17529773014918668,-0.303417514333995,0.08207990141420354,-0.2740545758813085,-0.051601324706424076,-0.4417726079028253,0.10302657266799078
0.47377885258940605,0.3598893351493264,-1.3934629965437235,0.4041228289470545,0.41338744005220607,0.6437685139187704,0.12747415835736106,-1.1733296321337905,0.45707664093964806,-1.3955269859291821,-0.25481452779745667,-1.2912507157314534,-0.24013639473329038,-1.1524591259243246,-1.033518803280123,0.6356900781436026,-1.2416097810833842,-1.3756109905211975,-0.17488478894870388,-0.1164109992100065,-0.40761321249195637,0.495012773587226,-0.3934251651862928,-0.2827480961740743,-0.2528157176019002,0.0345250956617837,-0.3291650952718276,0.08077411091835696,-0.4389622468707426,-0.24966144039986077,0.23798970577919898,-0.6604666976242054,0.22957890092893463,-0.55407664995751,-0.3327670719558329,-0.7677994926444638,-0.3272313704971758
0.5436511211442541,0.6807757512618761,1.1642261868029211,0.22768425196330735,0.6244161632276937,0.5837048632645633,0.3356990572265086,-1.0258708604204974,0.4553025205627489,-0.29871034706324184,-1.519384694430689,-1.1376359839234036,0.2913161887370362,-1.0233835900793407,-0.9216021785495392,0.6306116494370574,-1.1148696404613674,0.8081142095241727,0.21754908587322422,-0.3287600318869633,-0.6689161298866393,0.15483060107715904,-0.6709950387283532,-0.3800263397460668,-0.21755436839395398,-0.30681709160086224,-0.4962809410433489,0.09959538810464856,-0.5545868349190007,-0.4477570510023685,-0.3636153076330128,-0.8105534563495574,0.09546383267259544,-0.5173882327095867,-0.5071450461907302,-0.9205389062357612,0.3133550348558645
0.6091519694187919,-0.3781728406875662,-1.1465576812488834,0.051567849966789155,0.43610171326377384,0.422695383882687,-0.12763694172831253,-0.7817194823243562,0.6533520200818367,-0.9484062712409622,-1.3390788279130024,0.3007641632650622,0.10198127298463866,-0.8096698205361904,-0.47337625634317215,0.6287824304240237,-0.90502264639357,-1.0783703848794481,0.22338591764246857,0.1910175971613725,-0.42609137152134774,0.7702260461528774,-0.27437464202915435,-0.37354474808330507,-0.07829562156421466,0.6009337089083577,-0.6530735145999333,0.33269077712865236,-0.7195890855316661,-0.053576226686305906,-0.04798493893057957,-0.7349612844988788,-0.019720547389000233,-0.5736917578583554,-0.2637734539931845,-0.8399103889016328,-0.4731842341538779
0.7765300892536348,0.8659450644902256,1.361769781515857,0.5664934570849096,0.6998010771271924,1.111364373007739,0.5782435279781799,2.554481110348789,0.8108649729340806,1.6585120286217452,0.8123086019219896,-0.692026222485494,0.7060692099228615,-0.6489577908192486,-0.02754853113654721,0.6735943110067318,-0.747218418716862,0.894412585622763,0.9811514290252621,0.03930115237924209,-0.04885084528887969,-0.42784976867873914,-0.0315413118518421,0.2983470696477082,-0.1088649965750087,-0.043457506590051126,0.13541088086946285,0.4801592195018422,0.10614773016153273,0.0026027300628335467,0.19386231987649782,-0.5106322020820568,0.21734537932236522,0.02857768864915729,0.005879980597029833,-0.47109102724492125,0.2421618845599014
0.8922849650980416,0.42633121422173853,1.380576342439333,0.592607762006786,0.9452678959337315,1.1799299559691379,0.5341948176741091,2.0854782354386567,0.6237039387304605,-0.7899688698981373,1.124473496237657,-0.7387316959207644,-1.2827017903948548,-0.6882022951685073,-0.11780732916119674,0.8231113767513623,-0.785752862655486,1.3125557373205503,0.8917339179785849,0.12191279900417583,0.014493170243499711,-0.4820757900022976,-0.36040446966003986,0.25908848845563115,-0.08480167030769335,0.16526162986047926,-0.45602559374224033,0.6605481333394825,-0.444371449460709,0.061890122191273,0.5150714986797221,-0.5282442975401119,-0.4177536151220033,-0.10785302402442971,-0.07461322009551985,-0.4891902268145222,-0.04577439750923407
1.1302269344227651,1.0233469890403692,1.3574515157344595,0.6191240106053715,0.8388276305164203,0.9238413379584269,0.22958191535955702,-0.7451160092647018,0.5189892261520714,-0.9066142721253423,-1.3120471519952077,2.035842474413076,-1.3833683611588676,-0.7776295909583362,0.7888284621439868,0.7447493540633167,-0.8735621285218035,1.1349518343857663,0.9455066265683232,0.2554253439955173,-0.016065578415066506,0.022856830625454422,0.18406727465143044,-0.015583504415087655,0.2290770638270862,0.1803163136094294,0.3394426185917406,0.027421166848146158,0.30133611747312816,-0.10468277129813698,0.26493519205149224,0.10291611481652345,0.5211834642375316,-0.20247921997552765,0.2544326273236601,-0.10311365857466039,0.505261110179533
0.5646473961859381,-0.06412398497501948,1.228246405026362,-1.9328820440087584,-1.8608975637829175,0.8723854185454925,0.06475015700235652,1.23068681295042,0.6218210395377705,-1.0034375626873577,1.131887778951701,-0.9335032789906255,-0.5869948107834883,0.3172713499798927,0.7967164953431363,0.5042774563083251,-0.9464495454338849,1.3335575850993127,0.16998324587786476,-0.6651983792102895,-0.6989565836392533,0.09533986182678138,-0.6572438943041182,-0.2556518888091687,-0.3922075296275506,-0.5407201443157931,-0.5975095353806654,-0.7990826938304537,-0.6068197436199106,-0.3217202840750345,-0.14401813336040198,-0.6718144628702124,0.20269885138935675,-0.8165323844316097,-0.5404819287853356,-0.7987286578525913,0.4278669042628274
0.9013012781218578,0.7447340726318166,1.2584857677621129,-0.6138534954063811,0.47445499272430675,1.113639386188444,0.12584590159698628,-0.813448628968815,0.6346999132229515,1.2479052743741574,1.0851157408973602,1.3593394374648642,0.3080743539685674,-0.8374433911244528,-0.038386983159809776,0.8587935768830649,-0.9322937029798415,1.0703415253195134,0.7539483217523829,0.20349169327377453,0.240799546988662,0.5246741490869863,-0.0853596186196738,-0.3064424937670667,-0.18637602653266502,0.06664024497662849,-0.005191078744165147,0.10666520353904106,0.042823770546767684,0.5156933599977774,-0.0860605774169284,-0.6014254239803313,0.35599964769904036,0.12854554178085034,0.26353432387316833,-0.7756396602052904,0.2919339670501006
0.8581484331507858,0.4823422501156411,0.9083481013113782,0.4321479908031771,0.282118553701727,0.689524864189883,0.32842253831422286,2.4202888546314596,0.6660263040867901,1.236364709227756,0.8085348129812386,1.7323771052132222,-1.5604060721890738,-0.9349013012201924,-0.29578478137136044,0.8707784315380227,-1.027988283284324,1.3805081250976092,0.5108003422423386,0.6151641250892286,0.0515155510918331,-0.09066617246965822,-0.22060421198967325,0.1699105612940518,-0.07418774343626673,0.5498448426639111,-0.01805108548400687,0.2787172753157151,-0.08326368850052317,-0.1497387563059102,0.33654914317576073,-0.25894589339322993,0.27215645025724783,-0.04428906332550977,0.13561055256615728,-0.3276937828072958,0.27187261112934724
0.6311735629284467,0.8344484446216808,1.0882760052320661,0.5202459728991198,0.49957046572750147,1.1216692653354556,0.40174321046044864,2.3583867878328726,0.39009147651892473,-1.0526352962975782,1.1025482528679622,-0.978391924409809,1.358742959075867,-0.8895779838726926,0.15663283544953593,-1.5058574728907532,0.6966458808810543,0.9687584464855076,0.7540073020405025,-0.5088573447215319,-0.7747721555895788,-0.0429545550402923,-0.4096232216852418,-0.4082926253174477,-0.6939310980433557,-0.6137673204035293,-0.22850163277909405,0.008799252206332238,-0.28718659416015757,-0.35546394177815377,-0.19826210339949485,-0.841091841181454,0.41995179560661655,-0.7459780975968292,-0.29348073642512185,-0.9553934829843032,0.12137688651304808
0.7891823449366738,-1.3567584206985106,1.4635588038829144,0.03734024718811806,0.5172504817088308,0.33394125438400285,0.42447701472818505,-0.8311721588701793,0.4089933370252424,1.1679157408138356,0.6940541705506008,-0.9348091973272189,0.890416938181361,-0.8529573825439063,-0.3889534269701705,0.8127052188951325,-0.9475269959600985,0.3708770290846322,0.751629693747309,0.9237223257258654,0.29324837870152337,0.8397478401709344,0.40070397506256517,0.07935903495319832,1.053604987544932,0.5040930907443409,0.36808281903178086,0.5023464118462493,0.1905317158043787,0.024006901279562228,-0.4015342638118938,0.5971412280833954,0.39282578885438596,0.22154167189526094,0.3240537933796963,0.365294436897053,0.19592792838534895
-0.19637875578883907,-1.556520128297999,-1.3188727192159908,0.1280373942057356,0.48969225517749915,0.9319921114519564,0.4608827536492866,2.287428484335517,0.7581972149069454,-1.2604514892038778,1.2053532109965013,2.2599395000787124,0.5107425970521453,0.3808011793476123,0.2979042564629413,0.8486675898908503,-1.1399265601633328,1.2646408926852326,0.315701818220471,-0.19857077999936198,-0.0268076539618032,0.055469916402588706,0.047189200762796,0.23793081766433632,0.08387722254785406,-0.3023945149707289,0.4039248932977651,0.3473773272073416,0.3533794213924415,-0.3911796236845522,-0.060533750550533644,0.2550917541612859,0.5670069247795891,-0.08374028229687522,0.06606956496439699,0.09593301033619947,0.8408107862466252
-0.9493631714827643,-0.7201424401524974,0.778347288168316,-1.3886455261994144,-1.3590814377766287,-0.8353074658891995,-1.9217609659098323,-0.1177841488634357,0.9632878356832059,-0.19035839901838003,-0.8487623834805615,-0.19163938410419742,1.9134373589224283,1.9291353690797468,-1.854159469561031,-0.8683324799123926,-0.3343732604732007,-0.5744290526108269,-1.4105580128014168,0.5222504034033254,0.31047011658506607,-3.283380258576606,0.6619754489417569,-0.1351403569033948,1.2161733911985166,0.8409237341714498,-0.11876661106842812,-0.5387778050679346,0.0250714374298856,1.639920842352632,1.6313448316286685,0.42262598371365706,-1.0487180514116292,0.02143396727630996,0.4960737767154257,-0.05127137904949865,0.6810078806235869
-0.8922420349001708,-0.6632595083024744,0.9764885677741791,0.07200163495941099,-1.3141642171549888,-0.783409063671458,-0.6895217587928155,-0.05404148013395638,0.1351627551853955,-0.11758023529527874,0.8613278454415223,-0.12523565072272907,-0.7024212411939181,2.782619353250832,0.263093027940339,-0.8145238965409134,1.802427129389337,-0.5260469831787864,-1.360193340925143,-0.8664000822596263,-0.8093959709444473,0.6126516398232537,-0.5460758099896897,-0.7396418700308749,-1.5140218111381951,-1.003383139994757,-0.03438725827664246,0.7180440881245628,-0.0712177376818328,-2.235145371036858,-0.6468147047420415,-0.6888011968588721,-0.6914938938077664,-0.9122438850971686,-1.022041310707781,-0.709570099734522,-1.2688223442535964
-0.9498637869338069,-0.720640967953035,1.503849431506756,-1.3890724627631836,-1.3594750968668776,-0.8357623087650421,0.47032123706984297,-0.11834279609571777,1.5717771949571062,-0.1909962342478247,-0.8491749446304506,-0.19222135317775768,-0.7657802481727932,-0.22899428494638513,1.1565237230219036,-0.8688040638101592,-0.33485341521716666,-0.5748530779884746,0.9695670238477341,0.0017373365766780481,-0.48700188715660897,1.2574347832039028,-1.24489598728063,-0.3928015954897879,0.6866183806287988,0.28358428313737266,-0.6515768995471027,0.7731106373270671,-0.7248096938550286,-1.7853369204747256,-0.33368521821578473,-1.5987633308816136,0.1299751644588153,-0.2177476392977974,-0.7052244682523856,-1.0097485853164936,-0.7152973349886621
-0.7581150046416638,-0.529691810285667,-0.5933974592469666,-1.2255446170920008,1.173663989552904,-0.6615456172996924,-1.7286578220912672,0.0956336728643508,-1.310489857270442,0.0533113041917285,-0.6911532576299879,0.030687989621082778,-0.5549395151741362,2.4971440332527086,1.3481406183747864,1.2814204079503975,2.755092468418471,-0.4124402925749095,-1.2419312706503138,-0.258792264210754,-0.822588339945895,-0.5529609025941801,-0.309592087648159,-0.23561111799484954,0.2641220045748242,-0.4387243394053804,0.0679841577759831,0.6527903494623456,0.0035874215779766305,0.27451408210381917,-0.22997272292127494,-0.4816374093023378,0.4236677925194834,-1.06901351266933,-0.6279123299123037,-0.7749417155075143,0.3233631915371162
1.1302250119666368,0.9123122366730387,0.8381630312603814,0.4535066833222251,0.5869696786696639,1.0668397382901555,0.3569838868484627,-0.8175935990942949,0.2827274494335121,-0.9893655281365995,0.7994746699900732,1.1293165213049523,-1.4547838221201341,-0.8410716204511421,0.5353085229872726,0.9104290712167894,-0.9358562858663909,1.1305843749116353,0.8258045839229132,0.8135736763568262,0.14275017810850799,-0.2611322359102724,0.1819435078742001,0.29887570698478655,0.32344610361634824,0.4378337618622895,0.38274679904526443,0.06535187074465872,0.4142890825233679,-0.1749183250342865,-0.05246364903949219,0.8422311188289284,0.9117786785261182,0.10611660330351634,0.546181781618474,0.6404262425501327,0.9188009756991049
0.10592734873323491,-0.3710399838736957,-1.1150150234164566,0.3061920090893719,0.6917119575743725,-1.335141543686319,0.5354920575993316,-0.7316904866164515,0.4609257345944102,-0.8912856876020105,1.330446671921745,-0.8311744645438381,-1.3701395839489054,-0.7658777873206983,-0.1735362046637515,0.5919041644934487,-0.8620229531401472,1.5178650932050948,0.5418287987348113,0.045156847417424324,-0.5353173909735311,0.5408219351107905,-0.5561589045042423,-0.41350716560679535,-0.316794560809357,-0.09614191016670487,-0.4257869215455558,-0.5132751999241941,-0.4078362437190335,-0.5713625727765531,0.0739157034348939,-0.4229064308543071,0.35755608680521755,-0.7076044043990639,-0.23804664623595248,-0.4691723503124764,0.33315496343176876
-0.9385866584930358,-0.709410867031762,-0.7203726576585625,-1.3794550639081187,-1.3506073239817868,-0.8255162775637193,-1.910879928082959,-0.10575841305599167,-1.4712332137244069,-0.17662802049909848,-0.8398813739520381,-0.17911161000577502,-0.753380284021002,-0.21797875860462634,0.5202935209066702,-0.8581809154941464,-0.3240371954862896,-0.5653012580517948,-1.4010561790990483,0.09336257397176766,0.13358847110704625,-0.160856754649111,-0.04314423289896561,0.11967296699586946,-0.14396632191178638,0.2771323095136632,-0.792668858175831,-0.5353750052712863,-0.6585395223859017,0.4365219807517626,1.021691578271435,0.29510615087604913,-1.050198378966925,-0.4112995216571879,-0.04130063256470647,0.07867835620595273,-0.09481211106692608
0.317574830240312,0.5976840226570742,1.21244451999473,0.757407829190802,0.45362025919428517,-0.22015931625445798,0.2506600076656096,1.6017544451255132,0.5518808947404464,-1.2211346195438237,1.0183303909920234,-1.1321328758629428,0.019410885785813594,-1.018759576396822,0.5812738579049148,0.7909796518883293,-0.23609551012936283,1.2310301635302663,0.2673702363356116,-0.12172313845864326,-0.1430234175297912,0.3522827706640738,0.10222543468148124,0.27040952573452104,0.30762789087819853,-0.044587342490230455,0.29784986572303246,0.2572891723545977,0.1848378319884587,0.09171454572943245,-0.39394633608244156,-0.05999352293769627,0.6816449713625333,-0.22138531033010725,-0.08343245687117534,-0.30254878271577446,0.06677618887937839
-1.248240649529177,-1.0177735489214643,-0.9382372148434672,-1.6435352288630891,-1.5941038204429616,-1.1068577972984603,0.7070242695386794,-0.45130776575204345,1.2969098533618904,-0.5711588405319665,-1.0950696753588531,-0.5390866086044104,1.4653117312642268,1.6554664602661806,0.1880944754855905,-1.1498775376173296,-0.6210352854859532,-0.8275807186951675,-1.6740833383391958,-0.9109000650656348,-0.7089154688863419,0.1584640670773499,-0.39230181556972377,-0.12048512738897037,-0.727490320316171,-0.7078016206027713,-0.14111868706885028,0.14873579092843964,-0.21953835816830067,-0.8260610199265073,-0.550280010909675,-0.681095625679596,0.058236126180695,-0.8453352568914235,-0.6633198634279728,-0.8325004428004888,0.2058448364698085
-0.8778910556736647,-0.6489683750694705,-0.6776687978211164,1.391440690513018,-1.3028793209043426,-0.7703702318716259,1.0058357643027112,-0.038026922835081016,-1.4171725636944725,-0.09929562160900676,-0.7898616479523489,-0.10855253383583034,-0.6866413705569558,2.5097209813661188,1.1529388467202326,-0.8010051553468325,-0.26582228907280353,-0.5138915865096281,-1.347539839908035,-0.8006236871653,-0.5730161614117232,0.4195853251669559,-0.9207078851478799,-0.21973736980577763,-0.8728079306023073,-0.7495667993829721,-0.5981272483799317,0.3927967594340685,-0.5981282152943348,-0.8563491041390141,-0.20192128669764892,-0.6814647448870877,-0.3695689828776585,-0.5555601670263607,-0.5058776117034904,-0.5815215396401938,0.06163222523079872
0.9684850502119423,0.5123963178376473,1.0568814655835796,0.32616324193597274,0.39299746418427167,0.780297530994216,0.345099244076524,-1.0916267679031628,0.4974537728605692,0.9256455105699505,0.34255162257329563,0.8488185143011292,0.14786041032458222,-1.080941908887262,-0.8620492087850746,0.8626919459826916,-1.1713865425367835,-1.3135967427842703,0.367857432026264,-0.03644996693765945,-0.07146958041632813,0.6795580905748727,0.17064364873006496,-0.15262639276882614,0.2173426987922948,-0.26090613135695667,0.3379493507397309,0.20822479897332866,0.27893038171372936,-0.3333545695631739,0.004178220829169083,-0.4715439078927291,0.5268868429592056,0.1470051710179274,-0.030416730586869944,-0.6175741180757962,0.691327523257342
0.9444505572307622,-0.7606476205945908,1.0833224364858487,0.5115938736520705,0.18585652132040187,0.470907761899053,0.5714706734710868,-0.16317400861179707,0.506691059039337,-0.2421822512350839,1.1090037284763814,-0.23892413394333475,-0.8099544779563151,-0.2682365267666568,0.8033667969034488,0.7187324523361506,-0.37338563756329374,-0.608880941582965,0.7890828022093163,3.6119096356098894,3.9859386662608993,-1.2781389031591497,1.9527856997144428,2.2590415967148445,1.3382700087140176,1.2321742353237313,1.1765043277520073,-0.14571816751706523,1.5898013873645136,3.6248601412572454,2.5311608610699166,1.8815982084256684,-0.9826756850377382,3.2235528022366697,2.7166464895556857,3.388899100791131,1.2065716597554665
-1.5346816711104083,-1.3030200633373095,-1.1397697257520805,0.19546682743619348,0.5010766671678536,-1.3671087698642543,0.1863593854882827,-0.7709532812572448,0.6019037146756461,-0.9361139659522806,-1.3311279851709035,-0.8720763627402156,0.21721394347526146,0.584631406292825,-2.3822923067230777,0.005936184507775613,0.5975989614052615,-1.0701986045330851,0.24569726238785355,-0.5165473055648068,-0.7910899761986359,0.17952090791698272,-0.43145726688806746,-0.5035307241458374,-0.3512136125650525,-0.01799380179538193,-0.6169580943450804,-0.2354996552718082,-0.5800848849227248,-0.04203298378678656,0.5490512250013916,-0.22830759799466585,-0.7670210155113285,-0.7150725439779135,-0.3628218800232087,-0.41415728601182544,-0.30825157216704524
-1.074332954872563,-0.8445910785579227,-0.8158802487322548,-1.4952226799494308,-1.457351459477645,-0.9488509363355526,-2.047942871093506,-0.25724053892130094,0.6610333184163271,1.4310450942118884,-0.951750969688379,-0.3369176588975751,-0.9026425024736154,2.5801046800480814,-1.96691969549472,-0.986055050063331,1.5002747526852958,-0.6802794802914766,-1.5207459836898367,-1.26967492437518,-0.8941319186758738,-0.1909983343894481,-1.062170752561946,-0.4574973399565547,-1.183478637439782,-0.614537747338864,-0.8000878686247022,0.21004638999011266,-0.8228358566461548,-0.48965064469615643,-0.0968694054498833,-0.8522213510338187,-0.6650233386969142,-1.1623656158291915,-0.8022960198281234,-0.9063392561769227,-0.1283348115266886
0.891000443985087,0.586339786346981,0.9295763991071515,-0.8503351619488584,0.330777511155043,0.7367620816769233,0.3115465850683172,1.2740584518495464,0.27599462356197696,-1.2364352534757905,0.65638174962596,1.9510469401200343,-0.41685255124310366,-1.0304899514504455,0.0826468934784489,0.6707350838760266,-1.1218474246990124,-1.269848673201554,0.33160585861461855,0.4028024770325377,0.295081118659405,0.34689729350273946,0.31499677532823495,0.47205493475929905,0.23994917010897307,0.23996696793412872,0.5918209826416054,0.5086476190294724,0.5841829847178645,0.17132914468241778,0.2688272882897154,0.1998816573564952,0.2711725571551412,0.2367974357250809,0.16805991699456468,0.09279462909012938,0.8852290455205876
0.787895773535256,0.9032434347895373,1.1071588179383094,0.47441064409688743,0.5779713376080751,0.9836838604681869,0.24198343517939738,-1.1197195935196587,0.5182126211936332,1.3774948953100568,1.0551891050943856,0.1718041565908145,0.26760308475024686,-1.1055324875128538,0.29808933968174556,0.7064331137066236,-1.1955321978120574,-1.3349198073281765,0.11226200216015178,-0.09350144530085447,-0.44476921040041206,0.39971702114036983,-0.4214183769423346,-0.22708830804136865,-0.2758580082559765,-0.1857125126030298,-0.28916126002133163,-0.11050852210679231,-0.37291010938324276,-0.691268544447428,-0.22535109138783682,-0.6692842046411432,0.26463093135962507,-0.21984119760742762,-0.37187143205709977,-0.7710059762472483,0.32037429811224905
-1.156095705922008,0.8119601013905877,-0.8734064104071027,0.824089594554653,1.11550163713787,-1.0231379059979564,-2.1304986651473157,-0.3484812996337523,1.2353902584732952,-0.4537567684915785,-1.0191322990516454,-0.4319674468753096,-0.29738145173247943,2.3221783990102334,-2.0406942194733535,-1.063076238186297,1.2555711401570284,-0.7495331985277898,-1.592837583659184,-0.718954066652673,-0.6736400213615789,-0.006911707180300532,-0.8424528133560774,-0.24529977973265712,-0.5503884523471196,-0.2610062321620542,-0.9925794697058754,0.6483846026668765,-1.0239188961154357,-0.1455927481666655,0.18898227668326772,-0.828223343947014,-0.2645309177350104,-0.9845234537210985,-0.6392186470351824,-0.8356597021924099,-0.830507117887681
0.5846673992784466,1.1299291846631545,1.2280734097713324,0.9832734340019527,0.4958215158312348,1.2484551492294875,0.23620718438804605,-0.9764435513438703,0.8629115105908636,1.1127465911093841,-1.482882611738412,-1.086145233393063,0.5183508136770092,0.8294263054701128,0.7132921719122856,-1.593172637486548,0.5192670376068632,-1.226170180764595,0.08335797180490652,-0.025758759887583374,0.44351553939144184,0.15055162855990467,0.24207847400931531,0.5530648740998874,0.2154157761157552,0.34061628059841853,0.4996498045735924,-0.03517594148540911,0.4373700378400862,-0.17842772408541402,-0.7227273560681098,0.37390168339971713,0.4844549818595738,0.04807660706928579,0.09642849126403188,0.24643439498380773,0.8667317476993296
-1.307206382633132,0.6810485396896069,-0.9797239829900373,-1.6938225849946167,0.8223375886614354,1.080600479627672,0.17201017100967092,-0.5171088582460902,0.3612449539109766,-0.6462872086744182,-1.143663802053799,-0.607634698749925,0.16425207181106283,-0.5780473968828486,0.28069197489907527,-1.2054237461770423,0.7299502754554044,-0.8775251764533153,-0.12681125930070974,-0.09252766260049583,0.42753185342104866,-0.68035306115321,-0.6859107125625512,-0.7427454896201685,-0.6095525545750673,-0.24944751244515084,-1.028143031620837,-0.24890794636334654,-0.8281288008777111,0.5256077600857498,-0.051143720314093116,-0.553013260721101,-0.7876742521300957,0.2929368303710779,0.22599334818277858,0.4342554588298318,-0.30717510744519927
0.8174514917486494,0.7870583086725389,-0.4234362902574583,0.5012327308977664,0.31417203957303774,0.941195081517368,0.2135179101085512,2.8932825433402742,0.16105602831651158,-1.1903022562472725,-1.4955406869022345,-1.1040010307169945,-0.6904739201898431,-0.9951216548004825,-0.4883637719505628,0.6635723430392685,-1.0871190552862295,1.4032094302017355,0.5406929629494764,0.08987064728402706,-0.1828178840557608,0.10923760470442666,-0.02143905319848252,0.10085294372412577,-0.17673182367602136,-0.10791738228178813,0.2073036230314111,-0.43162506567478065,0.18220537203224454,-0.4822726987775305,-0.0721241363149205,-0.062455539668756554,0.18409329781859138,-0.22382792914973026,0.04875614267815227,-0.22485055416955127,0.6820705225333761
-1.2618831541572102,-1.0313591620140534,1.5069643556087249,0.7088618524387306,0.7506811368405605,-1.1192529321785119,0.6175605501284248,1.999078038289179,0.8005458383519386,1.6238583440942889,1.6779889493662603,-0.5549461186592479,-1.1088666099674105,-0.533775557664892,0.5335080679787684,1.1223085363177476,-0.6341202058636292,-0.8391360315903522,0.9073668100104351,2.2639474810034637,-0.33530776506998583,0.3215361932434777,-0.2912722168796996,0.1084966295915968,1.1331934118757396,0.06824417150894799,-0.6760233760459533,0.49403483124444136,-0.6655576870031171,-0.01924191802515284,0.044165534838006296,-1.248172921668902,1.9491644142159696,-0.7733870110241803,-0.4740871057413585,-1.3113788825718253,0.389591032231223
0.3507654965292729,0.5440324906231999,0.6821812185181482,0.32958305209709693,0.3420637591185367,0.7732450439061078,-0.02326074258783306,-1.1927967966475557,0.3081567587565277,1.445453171307256,0.2571975210534192,1.3498086188137608,-0.25199320215567667,-1.169499378340656,-0.3847996283761122,0.7390830436474072,-1.2583417200472031,1.1088342624820864,0.1937779618320386,0.6768683953721016,0.26858765870570306,0.15156498586213313,0.07294137592700918,0.217518574847695,0.32953957280611484,0.3817159034650149,0.3934214315720186,-0.2837868662175992,0.2739059243770068,-0.28906237908931076,0.09334876813085626,0.11362908034538453,0.44609020788167547,0.2960998984912831,0.18403797470043023,-0.004042352825542804,0.37294870603117447
0.1975824622696729,0.9061572385568061,1.2717212167854584,0.04682270472561034,0.1946372766396701,-1.652249733220894,0.30135498899135704,-1.1211691875618433,0.6474368333924666,0.97623348852826,0.8485489615478267,-1.2369127295214002,0.9085571769852399,-1.106801365081673,0.256914409029912,0.6733565261877649,0.9398887779852128,-0.4575696196793492,0.10826314154975539,-0.0671467959055222,-0.20992879486979188,0.26136256847642714,0.0646796269310527,-0.052912043829864634,0.4400829540079102,-0.2127823849273067,0.27942319498305795,0.025343889734643698,0.2633306079215574,-0.35224354201330127,-0.7056745414119204,0.08619822686031589,0.30002358685781305,-0.10432622947098487,-0.1101581721715372,-0.058023053319819495,0.7948004381200722
0.865906674075431,0.7405247571118053,-1.0953914137356586,0.24911080659137,-0.12621401912292196,-1.3098004040277407,0.3232398640974341,2.316405548228855,0.4074465477357936,-0.8557493024303772,-1.2791469460835736,-0.7987506092888961,-1.3394711995610713,-0.7386334830672405,0.10709096961263691,0.9697494712652586,-0.8352715867435037,0.9112892972678025,0.31429232102806454,0.2635028773918317,0.011934887339738982,0.1118849649282375,0.05031442636613697,-0.2858687981209061,-0.128385004564582,-0.0794673127507882,-0.005469700758883857,0.059721108295302056,0.07735065931936244,0.13157028959230563,-0.24160017826349076,-0.10577946647194726,-0.01721757355362741,0.37545457613471356,0.3956791471919698,0.011249627914159404,0.5795340816245944
-0.9224967385783339,-0.693388044785273,0.12393232477176645,-1.3657332039347694,0.04462393463338146,-0.8108975009541708,-0.2139980104969103,0.7253834503076488,-1.4569021668426918,-0.15612781871913953,-0.8266215437813841,-0.16040696202314675,-0.7356883306841779,2.36033935156958,-0.9482118163190356,-0.8430240777810382,-0.30860488839112205,-0.5516729644105527,-1.386869424676756,-0.957888218919215,-1.0045826109098694,0.04590576306414456,-0.5378425962940736,-0.4381526561498367,-1.0514354595844284,-0.5825281297079958,-0.37601083392242346,-0.34891472274597096,-0.3207793490533513,-0.42004284911994644,-0.1666908803060167,-0.49157017289382565,-0.2559985743851384,-0.6778888214850719,-0.6373055229540647,-0.6080666281274697,0.6803034722549088
1.0207737582240524,1.3728499123011721,1.0641891432326218,1.0008924283648946,-0.6820628947180385,1.4283698660591484,0.8308276357186443,-0.6877636299922445,0.7443641627390284,1.319471789838082,-1.2696924025679923,-0.7854137938078977,-1.3268564570986203,0.6352882516154967,0.9945565453680153,-1.3494825327994626,-0.8242680205515335,-1.007055853158619,1.014911881162644,-0.7934742976543935,-0.7288179078050548,-0.05656424799867476,-0.2371757511124295,-0.12318625432114635,-0.6738000388513048,-0.764733050370963,-0.030556650033135298,-0.12321175799703885,-0.07520308247161284,-0.7105574168119209,-0.6270773554423261,-0.45932769204319335,0.23771523863626187,-0.635904174198521,-0.41132824550101976,-0.5253901366936232,0.47372282226605145
0.9770924650770011,0.9905168087664822,0.57548156884228,0.023493220398972187,0.7334841652764307,-1.4682448010141371,0.2279696930688192,-0.895170603076788,0.42086691759906675,-1.0779390379930276,1.197103799041978,2.3966883911847665,0.2829783181552305,-0.908977335668666,-0.20881891605247244,0.6572416882071712,0.5428271728155156,-1.1644822485775623,0.44996786591583626,-0.5401536056668264,-0.39957841633394897,-0.20453135737842387,-0.5119205198593724,-0.1978657101740666,-0.2357826554686177,-0.4890117861885463,-0.2836620809024419,-0.13359702607568594,-0.3106416645167623,-0.3138909587113004,0.40239361472388974,-0.6083844657122992,0.21240063259875083,-0.6350921146283776,-0.21481202035936742,-0.7459970600787721,0.48404483496975
0.7772095737351381,-1.175651918185408,1.2698942945443188,0.6370301486951807,0.7806923164328234,0.8723672174483905,0.7396077618593291,-0.628225309631032,0.8653431030728794,-0.7731543677126365,1.518992117067485,-0.7233899276904442,-1.268190646005114,-0.6753112987658149,0.47510780804822217,1.0150725815289325,-0.7730951062019524,1.325341496910914,-1.8138703008907135,-0.011378296684060124,-0.2586127949184894,0.3816776425405135,-0.8550492678664431,-0.13924966941954736,-0.5507434028083136,-0.19878246324075843,-0.48798286170960675,0.13958647620124176,-0.3889101245013268,-0.566964445947475,0.5605754959584105,-0.7128758814902882,0.11845039211273614,-0.5057102758073198,-0.1428355784478532,-0.8023203620691417,0.528306492501978
0.6331502159457889,1.0472488673429017,-1.0836494458071393,0.6421453309009019,-0.9257289640877441,1.1690928953449624,0.7197374993132574,-0.6819423532813047,0.4495192981164032,1.244728218266165,0.6158385746519124,-0.7793494963073723,-1.3211204887714134,1.0886215116762634,-0.1760294540470886,0.8491967766818591,0.2675482728158158,-1.0026373777539084,0.6366923740583282,-1.1946801759336059,-1.3740217135966162,0.24545597706993444,-1.487654333635986,-0.899314485937606,-1.7424669965659298,-1.4387773072340733,-0.9595601827033592,0.5183906376010701,-1.0252791208273868,-1.484780812270565,-0.7558156611582271,-1.4573938004432963,-0.4970906036243011,-1.2481583446504514,-1.1321362370006323,-1.3971315402501252,-0.26867976112908853
0.9950750301470016,0.9063577640443164,0.36500652200239647,0.7139127800257307,0.02561319656756323,1.1879991370637277,0.5108224559139987,-0.5804306503008104,0.6729319844890045,1.6496067938456256,-1.1904269646249446,-0.6735999851216549,-1.221096397485266,0.2735729503103195,0.2883467585287637,0.7548130989724942,-0.73201581485758,1.288959963365581,0.8106802695024209,-0.21178570715755576,-0.048844515861319326,-0.9691937418690035,0.055937987075886896,-0.09149122753824496,-0.2860382077789544,-0.1350233628620988,-0.25014529762034965,0.6568090020738391,-0.1494270504799237,0.08404567248958128,0.8061830625193585,0.14208853346665748,-0.6918216451154336,-0.41240263818951545,-0.09165177215762049,-0.045269250124111274,0.6507830490729624
1.4544670425807436,-0.839669253042383,-0.812402878092224,0.7244897883832714,0.8513030070941363,-0.9443603998610175,-2.0429524965221977,-0.2517251710740787,0.9706684424190903,-0.34328550166379435,-0.9476778688662097,-0.331172041035512,-0.8972079600432393,-0.3457482855566893,-1.9624601355971625,-0.9813992341625076,1.8660170468039647,-0.6760931963556717,-1.5163881540375959,0.06175042080956971,-0.17521973771904065,0.682897308153466,-0.388665426296961,-0.07721329767824339,0.14991847931592012,0.11002548308046632,-0.7170831114027505,0.07686030167099091,-0.7380276045491428,0.4456887120994087,0.3607138506858541,-0.22013888018169933,0.41097579497448833,-0.4402044189055318,0.012099028071935004,-0.36877021648632363,0.03503774615047396
-1.148589094023423,-0.918537557137821,0.6382974853160472,-1.558550051930855,-0.2436457184227931,-1.0163176431860999,-2.122919244225352,-0.34010451471385816,-0.2547057211873406,-0.4441925780281924,-1.0129460408564568,-0.42324095638625814,0.7777485513321378,1.617175803031759,-0.7998946293159973,-1.056004947656244,0.5407249722783332,-0.7431750369118774,-1.5862188770333427,-1.1514893100768067,-0.6250472452031088,-1.0893476562513704,-0.4189425566882981,-0.1272851651385802,-0.7275708168263,-0.7161012732965445,-0.1456752526513795,-0.268768758875094,-0.2877858170233437,-0.7090684201925203,-1.1428866171857726,-0.48371074823118293,-0.06150268198836816,-0.854605591556786,-0.6396350120899558,-0.6575489894615102,-0.13340842296740055
0.7460623772408537,-0.9990385264589865,-0.9250005373453226,0.7666489127540749,-1.5793098372580363,0.9508820985854588,0.6940021182473786,2.652614162456466,0.8466509904439099,-0.5471885477255906,0.78250563155732,2.795845397896094,-1.0731790658344138,-0.50207247549002,0.6557830574113688,1.2176575777146081,-0.6029907353044661,1.718461175429966,1.0930627182657173,2.4643219114786823,1.3832399149369823,1.8659376853131047,1.0345580207359217,1.461938667894872,0.17425752116982687,1.6871386436166704,0.2556073833357481,0.5966187763334481,0.4272538226017381,1.2373814160893821,1.450428366035089,1.3729355389768008,-0.06169938760199526,1.1987502931424088,0.7382052520939079,1.2775041196528272,1.5541967029453152
-1.246280152219846,-1.0158212272151625,1.5894889858891883,-1.641863270910571,0.7237475065502619,1.3051336908230609,0.1331965784465517,-0.44912000587872536,0.8763748123749441,-0.5686609666678692,1.3638297532219192,-0.5368075163381761,-1.091710055823347,-0.5185345076268206,0.6918178457689286,-1.1480307329276827,-0.6191549158696197,-0.8259201614546051,-1.6723547347152812,0.36021900741676355,-0.423359196002381,0.10794609477457406,0.06455689702155985,-0.20570365059634654,-0.0018283276822247062,-0.017962231803234936,0.09391094631046877,-0.623539697798588,0.06193845803234436,-0.20098303075533133,0.395497871537586,-0.002484728497964241,-0.19241609101544493,-0.7981799617431646,0.27593686213733654,-0.08039058966850637,0.1834617019166901
0.3860018754915698,0.34967358860069936,-1.25019304984207,-2.0216662540723815,-0.2952256495743838,1.2220844933721928,0.18809328337252157,1.8213158947877586,0.5909540686079554,-1.1360795095308267,0.6868760723048108,-1.054527498657723,0.5488435418279539,-0.9535512755436683,0.5001972189265204,-1.567552007005572,0.21005054380033958,-1.2031333519697256,-0.10898789270066755,0.024580004477784613,-0.5125322914796939,0.3101553507754633,-0.20767153365378932,-0.19577637749177318,-0.08360852408619839,-0.23030840344715944,-0.05367287496402979,-0.35122654319372204,-0.20761772197110973,-0.3560199053009385,-0.5193372120035551,-0.6558242576962611,0.5453209490387364,-0.2531438616721812,-0.16824670532831754,-0.8004650163416845,-0.6234397823120038
0.5069050124980309,0.7907284022305167,1.3600708858433077,0.00837728133202121,-1.762628101281927,0.8612072217726275,0.6379706101662596,2.646573802470833,0.5195661077646775,-0.8442141973076964,0.8225366589560648,1.5884162807965456,-1.3295162467388344,-0.7297899861262857,0.061414955418174454,1.1054635265377524,-0.8265880973545224,1.5842709608620835,0.19407105940256963,0.25287762497371646,-0.41362252278486555,0.5423198459391385,-0.3918327140501352,-0.10195583888041482,-0.39882192582362874,0.07937401938907893,-0.24145658162768632,-0.9716461244438835,-0.2330927742614645,-0.2121066133241277,-0.023254961101633626,-0.14637206229935656,0.3379618796578485,-0.2849372787384147,-0.06914629104910791,-0.3198039726053343,0.160556686397019
-1.132038347382714,1.1805310970419127,-0.856480273761281,-1.5444351881489244,-1.5027281099000152,-1.0012801744389324,-2.1062079666133644,-0.3216351910368197,-1.643537689913362,-0.4231052359194549,-0.9993064397386916,-0.4040005940099821,-0.3698322312440645,-0.40694283629639855,-2.018987266715044,-1.0404140073536277,1.7845896585936603,-0.7291564192682135,-1.5716258038954976,-0.8645063839298156,-0.3728273472817972,0.5026633658169802,-0.7256423728777843,-0.2220238011177249,-0.43897455108966843,-0.2224905846745214,-0.3595791609129921,0.18885811368741465,-0.5615621246837623,-0.04807847553029998,-0.6723618171061444,-1.2398323681254004,0.3920985260311936,-1.0338759977208232,-0.525164023978678,-1.3560963717077557,-1.0909631904219785
0.8363976463679117,1.0798694546262484,-1.1849797846826473,0.8725672996964579,0.5181169968990298,0.751411210541478,0.34940484429209545,-0.8426597891934983,0.8628622745022829,0.1388200069320125,1.0059451610713557,-0.9467764016564246,0.6909067963439799,-0.863012884989393,-0.4956034086605564,0.37463350648115,-0.9574005617417396,1.7947559129164539,0.3578373491247521,1.2496353020260762,-0.13928873301424843,0.5237677844278121,0.20831422572278438,0.2542556133863916,0.5557904721009757,0.31303209210981425,0.5733066777755946,0.09359125372059093,0.4360000414983362,-0.0947403121064451,-0.18851792114331284,0.38094689525908826,0.5289694791749827,1.1475789467607,0.1423102632362662,0.1893235958286786,0.529499702580148
-1.2481984369909178,-1.017731512416579,1.2865286517372787,-1.6434992290233026,1.1488009295644135,-1.1068194443625723,-2.2234947299852044,-0.4512606598994037,-1.7469997145091654,-0.5711050574456279,-1.0950348876724412,-0.5390375362241392,1.3001553385504616,-0.5204082928317795,-0.14332162169594168,0.9949214351313826,1.691061165314061,1.5036616020502593,-1.674046118830522,0.1608041714921632,0.07085761995729277,-0.23364290355512185,-0.29508861031433664,0.10480600446510335,0.12480005912922852,0.48912237744327713,-1.1759269251086344,0.07408693915914433,-1.0804554788656389,0.4282432410221811,0.7146527735509682,-0.12281318225908763,0.07098257092598212,-0.4633998460811859,0.0904358918481021,-0.23473343902537805,-0.46061284154756277
1.3820954157541259,-0.9048925886233404,1.5858295487449294,0.9556734435927448,0.5614298986233762,-1.0038683540728024,1.1076903452960694,-0.32481404568290295,1.0285066426182983,-0.4267346918003568,-1.001654024855619,-0.4073121562740724,1.5679751093793393,-0.4097253928174463,0.8495570069521267,1.051502549033559,-0.5123145109732243,1.141970431903555,0.9984458493223043,2.256339149776666,1.0047916738937153,1.1445602774313537,0.3539343489007915,0.29996433720115356,1.303495350585349,1.8867215717430255,0.7341244289909445,0.8249098025541015,0.8155002235940986,0.5403982304493404,1.493639241624402,0.5515661602382733,0.745276062196023,1.914111455841385,0.45153496752354016,0.1313349500334646,0.8155195512823304
-1.088741832263181,-0.8589398685099704,1.4026529502409024,-1.5075109075462978,-1.4686818839647127,1.5842652971844473,0.8900632497211042,-0.27331970599014604,1.0973247411178346,-0.36794105231724455,1.3573542592122798,-0.3536680828179637,-0.9184860360512997,-0.36465069558784063,1.0003100726432905,1.1756922604203495,1.801647408181172,-0.6924839171787333,0.858339890240447,1.1045089955819094,1.144976083799142,0.8983742664617623,0.6367738727550565,0.4713124862661703,1.2823263994201113,0.5287268516193045,0.7660669614803687,0.9780591008088624,0.8765773473198523,0.453128282636272,0.5773640174889805,-0.04937885837711937,0.5974452621927092,0.3001212477209081,0.4754301065797826,-0.453410286799456,1.1385637842595941
-1.1646761496240405,1.949612407174577,-0.8794433891695534,0.9233721658699845,-1.528392854188837,-1.0309338173732645,-0.457572585829137,-0.3580563958796011,1.6411519160681762,-0.4646891303793787,-1.0262035105232357,-0.4419422745830988,1.5019992136779539,2.451553858489858,-0.7436268832153129,-1.071159087161781,1.5985920476717346,-0.7568009044556854,-1.6004031059414805,0.16921403367071036,0.39268196390696813,1.1481308075032925,0.40717163470278084,0.8570695920309612,-0.08772770608630119,-0.40096993286456567,0.5173964611981456,-1.6164645197591394,0.5506642900322952,0.2673716980210744,-0.004213364260278653,0.9501497399194673,-0.17685661721833043,-0.4914897314058278,0.17114805420532248,0.8037822481375235,1.0294078044067732
-1.1064057757465933,-0.8765301503825442,0.7462770137517801,0.41928527627195944,0.6097476642702447,-0.9779912556212377,0.18448284161714348,-0.2930312692621996,-1.620707148321883,-0.3904467209320939,-0.9781824348627246,-0.37420254455511476,-0.9379087345799157,1.210842303830821,1.2505810414891563,-1.0162679127479415,-0.48499735983927844,-0.7074454216442891,-1.5490251321120916,1.2747272685105777,-0.3392786275732644,0.5625942238899894,-0.12256509767992754,-0.12096769707540589,1.67635018778006,0.208992833134763,-0.14086588937822325,-6.4165400461145605,-0.08525326614176135,0.6121587015053984,0.4099130207255486,0.87997775490084,1.097188051055791,0.04995495866338103,0.5702203257466234,0.5161999282385308,0.33291474158067225
0.7176142559204925,-0.8870717200103018,-0.8458936929085631,1.0089752333317519,-1.4908960093488826,-0.9876090900533683,0.9832378946563805,-0.3048440883068041,0.837107632543583,-0.4039340018319286,-0.9869062052975377,-0.38650851325640134,-0.9495484416853252,1.4165924788487438,1.2257885834901412,-1.0262397427808412,1.8664803056048087,-0.7164116077578597,1.4684172639492394,0.25904459885199443,-0.19934071191899005,-0.8723053103837239,0.019364554314761508,-0.1584529781580534,0.3513368231114907,-0.24007825108202321,-0.17587327872637074,0.7930317718657985,-0.30501867054287046,0.49478775573245537,1.154463068748412,-0.11709394290518926,-0.11100018489685383,-0.7426044350478854,-0.026841551468738435,-0.3261833774113061,-0.296415837748995
-1.377909352570051,-1.1469015116938754,-1.02946876808201,0.2013446975973394,0.5977010829881296,1.606262825088367,0.5661549974465301,2.60447841519561,0.5929076085938941,-0.7363700156637079,1.203371440476537,-0.6898274113928287,0.5143434224996866,-0.6471102289567424,0.4952783612433261,0.4757710249144219,-0.7454042852427766,1.2373524758898309,1.121078513163147,2.4336918735671977,0.4408326681648788,1.1332065104206335,-1.3564488056146944,0.4781628129948233,-0.5678361624733386,2.197083575752789,-1.2064562792792015,0.4338456800047793,-1.3003582314004003,-0.44406807876239884,-0.02811552664634195,-1.0615870795788493,-0.33020724501803966,3.182635578863811,-0.5962888443479354,-1.0669984138114696,-0.3012100960403024
-0.3800426508637511,0.8445129704877021,-1.2236648542838724,0.1424678578700799,0.5164759641857083,0.050861049332920086,0.6149934905728237,2.355792819855675,0.7839943922133907,-1.0880396131713417,0.9006487783590686,2.0509333112132806,0.3256183231049569,-0.9167210367222154,0.733632009274215,1.0611654968036583,0.8367121453529597,-1.1711969924592578,0.31023795926117703,-0.1786545810122169,-0.2851997151053562,0.018452345805251014,-0.345497838152989,-0.10857524748564402,-0.008654061546186979,-0.3869873254765781,-0.1818971213127898,-0.015007372998980958,-0.22926181997005454,-0.4196703773851966,-0.2972842268809524,-0.5481439955658468,0.48701201969882857,-0.26488857369826485,-0.3442756731935448,-0.6843931849721718,0.559014645421977
-1.2076818152113473,-0.9773838517542598,-0.9097010656757386,0.14199335622170756,0.869440889821512,1.1961582383310023,0.28320100241001656,-0.4060473158617121,0.3294583737690343,1.0661621569318647,0.590248762301989,3.306749774543189,-1.0492685781246671,-0.480831558662614,0.09198710015539682,0.2500722630406835,-0.5821341355776278,-0.7932270546147887,1.1778206213915268,0.2439409795354798,0.21292256789451092,0.40165526557974607,-0.773399688744415,0.3312308507344682,-0.6092523110647524,-0.146294555693813,-0.4604507657357689,0.3946799875368931,-0.3187741041325228,-0.19571022827977702,0.8958822573820087,-0.6370887022764209,0.012945718525345455,0.0608014099515556,0.14422975633483262,-0.7885391607133881,0.7637321480645038
0.7393033784247439,-1.2783823770984095,1.3484950181791302,0.6109032411198322,0.3732283738196405,1.3404108559057504,0.5364468454028595,2.6970279558709307,0.7339604155321868,-0.9045915829713772,-1.3107388470839938,-0.8433149347523311,-1.3816227528711564,-0.7760788772755954,0.7460462095569035,0.8841727192167596,-0.8720394722808016,1.3256541153211716,0.8032313747456299,-0.3203276442009391,-0.1681083887940636,-0.3315236362447728,0.12035042661328492,0.0753014812466909,0.03700544856354854,-0.265274738352105,0.2770913328938738,0.2998083346773735,0.270023146577977,-0.022665084467324487,0.08897564584067684,-0.18136344108041477,0.6887607090733904,-0.3574241735486155,-0.11585577954901213,-0.3731516133056706,0.8574014331591948
0.5345848403988388,0.5607216241559043,0.9188810488889907,0.4774188781285473,0.14514530375041976,1.0970810669583682,0.2296759462682786,2.234159291224286,0.3347581816850404,-1.1446028477861272,0.9972534084951982,-1.0623043021942677,-0.16661600802751134,-0.9600857730611001,0.4711484980861168,0.8403268330006894,-1.05271708631979,-1.208799567248661,0.669219131398705,-0.2617696502702664,-0.3639745624526053,0.22974286798352994,-0.37301092143291775,-0.06003811025536586,-0.268655735528504,-0.41961647903700466,-0.3178228093963092,-0.03176089122207829,-0.2916170322849907,-0.09219105247646228,0.08952269185983062,-0.7241139160304063,0.3256393337618016,-0.5002619453082002,-0.17719313808216722,-0.8304297280967293,0.8267113074348961
0.43827972074486193,0.9806687580151568,-1.0981517391009616,0.6909998974394708,0.4100041767807583,1.4737621326843515,0.5974453075593257,-0.7049440664789017,0.7049200949767486,-0.8607479742841302,-1.2823801601061005,-0.8033114618311635,0.5413034771829619,0.334828135335826,0.35722321675981183,0.8282964581736342,-0.8390345272229726,-1.020096177442779,1.0614625541187597,-0.41819510023484535,-0.1528630202973065,-0.3911802965729009,-0.1127974852768759,0.10267086441965384,-0.4490853263473131,-0.5394691067059709,0.06606980950407167,-0.0686404924311437,0.01272198738796036,-0.2890102488619416,-0.10842097607651004,-0.26362207995807,0.17917405331794412,-0.15337946022858676,-0.14415727386511704,-0.24942494567548443,0.2457205246857436
-1.4881550852625929,0.938911503378482,1.3171711117192981,-0.02923160595109611,0.4374150543089133,1.3631508568291888,-2.4657787943335174,-0.7190332928564062,0.9530449210473017,-0.8768343422456842,1.50273292589202,-0.8179888710230111,0.6004147557395146,1.3778464648805706,0.14976939125350275,-1.375878921509905,-0.8511441529277916,1.191480906010855,-1.8856199525769635,0.30900856314823766,-0.10264153464070692,0.5816496388318865,-0.6023846289536384,0.12721924887351876,0.27921180240464627,0.24067393214585753,-0.21166055632528472,0.06294182555555607,-0.5249435081063898,-0.7495685205787462,-0.4300743634742848,0.20367929909429563,-0.016662267721205916,-0.11493039959645783,0.15171894517781656,0.02278566312196602,-0.4152735974492457
1.076355890467166,0.6855724427249117,0.8605504515670737,0.4473215336338836,0.6100926010440226,0.5700735291585706,0.4295417230560098,-1.0220710018244232,0.7747382663487348,-1.2228275119252623,-1.5165784977089976,1.7328912739889477,0.3106022875236414,-1.0200574482789935,-0.17221425616123814,0.9592346852822057,-1.1116036793576998,-1.2608024062606098,0.4463516938327032,0.05226548824220152,-0.2630718978526667,-0.028188917558038602,-0.24808325494156772,-0.3395883677975276,-0.1679466518829499,0.022356279639124028,0.027875656551882313,0.24207963039420824,-0.06859536249303026,-0.5134077129341931,0.3291069089350989,-0.35554799674254717,0.31294431914783377,-0.0757416898420486,-0.11218889732467754,-0.5196421222188479,0.2203723794177008
0.2610810316793004,0.8895797144152198,0.805508669720377,0.2060475765202034,-1.7847184141931645,1.20169575954179,0.4626088904511353,-0.7218116557137861,0.21626506139297566,-0.8800065368046339,1.0078030480217273,2.199161420957349,-1.3604055231953538,-0.7572305201729511,-0.22534958362734575,0.9224040384818232,0.7598533428304958,0.05487551919499562,-0.35660759230227407,-0.4004060327625972,-0.18475358859550833,-0.5073153246530162,-0.5699309390005948,-0.5304426950557436,-0.8724786583492842,-0.6316217821995401,-0.49978586462415614,-0.5666173544122055,-0.42525886759500314,-0.11463022603292702,0.656489260120909,-0.4116359111318647,-0.20548205101813838,-0.2987036468379147,-0.08421773328606307,-0.19147842627426326,0.20988980041031952
-1.488174447548919,0.8591482297561752,1.1486410698642655,-0.21900252988025332,0.6419377157539188,0.16262843836725013,-2.465798344420835,-0.7190548996359094,-0.21336954764537452,-0.8768590117765898,1.4473637906964871,-0.8180113798205555,0.34383575043237874,1.4669438243037811,-1.2524933181282498,-1.3758971609438582,1.0276611265340467,-1.0308066061580197,-1.8856370246321768,-0.6647281726083704,-0.4646434103415412,-0.36353951843313537,-0.7434198639740623,-0.46348132012251014,-0.6109831396668206,-0.5254464059441297,-0.9367025960381185,0.16654437054870827,-0.9179449469210341,-0.2651766756380077,0.4259903086372924,-0.5602396210865531,-0.6540241599515872,-0.8120799558215575,-0.42089606650329864,-0.7030741661156832,0.19708735623432838
1.2227175910112653,-0.976400026703091,-0.9090059731055002,0.3566953684218854,-1.5614334997520942,-1.0691097483245586,0.6357680503868915,-0.404944847471198,1.001070727545423,-0.5182239991677917,-1.0608306461954593,-0.49078817796646856,-1.0481822659488773,-0.4798665316479144,0.8168384310378084,1.4958650751562113,-0.5811865690326091,-0.7923902571715744,1.1169379190752837,-0.1861371166774599,-0.28588291963897333,0.01835749476178002,-0.39962298895766546,-0.2983819264215653,-0.9960307314787219,-0.4184390089304944,-0.08303900394799135,-0.18691858713152845,0.032150121029912,0.026493063502905506,0.2764767022078425,-0.7993213777919124,-0.35610391925555435,0.047666051361930875,-0.06765787858530398,-0.24497426661129235,1.0565588976877898
1.1562163889891819,1.102693592150181,1.4856363179288345,0.6139295628840568,0.1570049075489384,-1.474154677992487,0.5533232269921685,-0.9024292336774457,0.6866945106898605,1.1111931024653423,1.1642594009471832,-1.0090410406334087,0.8772895049153788,-0.9153310549041846,0.0155124137275324,-1.5306932078953752,-1.0087721262189204,1.4746429184332672,0.11807378126184705,0.7969328783157297,0.8768345295447153,0.5907605820232926,1.2328778024509155,0.8146061004373277,1.0531385412636243,0.5163818905795604,1.2990719434289315,0.31795620110588735,1.350085604539963,0.6091185098470765,-0.4301952481630508,1.2128470723085005,0.96921918045815,0.743214449083102,0.61781771853624,1.0845756901798624,1.726840321272795
-1.5658947682316247,0.847061801210946,-1.1617304554036791,-1.9144380897785085,-0.32284689979219994,-1.3954679721801262,-2.5442724992862615,-0.8057846279154459,0.8366672698778805,0.7098589038403411,-1.3568509452056072,-0.9083618133325755,-1.4431479064916115,1.5337378139927156,0.8234518429060175,-1.4491103462078898,1.0111769723740704,-1.0966363528423144,0.48799261252227333,-0.891208312437344,-1.0497457008920725,0.4591153631996087,-0.8592940447161534,-0.41635457889589206,-0.7938931753042363,-0.710054144646564,-0.41572764854289995,-0.4420118185699092,-0.43384171446800124,-0.902207048657537,-0.6510487827034585,-0.820566717145875,-0.239873335449545,-0.8327159217797817,-0.6930170860017851,-0.8717477088176857,0.43244202721117203
1.0459366368486853,1.063744198046721,-1.2178736452446333,0.5795718746191179,-0.3289520468634482,-1.4679690276831758,0.5076743177474774,-0.894831892686319,0.6299744815343868,-1.0775523155550815,0.6081252328159429,-1.0011265335122224,-0.3468211648475277,-0.908680851270769,0.5313322641886199,-1.524279887520329,0.6347722131247757,-1.1642251600377245,0.6212822271598265,-0.23136455938622424,-0.838970833481738,0.18009368745196064,-0.2667879881713056,-0.25944648613451554,-0.24498594107992233,-0.1327701662661645,-0.10205361397003158,-0.7945479464438672,-0.18296718690372776,-0.30229371509732506,0.22312669618987185,-0.6158370996413183,0.41378778008287226,-0.40602832082461765,-0.31099779752981666,-0.7580556467508006,-0.15948823961035868
0.998271744949623,0.8127460700407678,1.1316235100253045,0.3449378511822067,-1.9411434500132227,-1.5078354631395252,0.40940147791690273,-0.9437966561497024,0.4805135128409247,-1.1334578125013206,1.0019032808486896,-1.052135428541518,1.077003672459486,-0.11013922199530174,0.5636829010308635,0.55734204299361,0.10120986687716205,1.1794401381267043,0.6436101196799593,-0.24669364701980856,-0.3527006070071501,-0.15460274407771032,-0.10628798882605353,0.08926207866911749,-0.2272016836354015,-0.3202522871485545,0.1462417951494575,0.2503588630812252,0.09435407456253912,-0.29798282142026894,-0.7474811985185402,-0.4486640130907329,0.27505378280637544,-0.28666816076222396,-0.1099269295223861,-0.41773602609822524,0.42395970657708015
-1.4992223478027593,1.1493987004857185,1.1699910832597993,-1.857578290471911,0.7918865936366778,1.0967769315345917,0.7171913781369383,2.2334711850723856,0.7540789410178086,-0.8909351653963254,0.8452659139855784,-0.8308546435714492,1.6708593727803491,1.6969470727685374,0.7841049237685462,-1.3863043744107852,1.166865010711565,1.4869160569998738,0.802151033905114,-0.8915234058305044,-0.7596402264030219,0.14159650680918395,-0.5907303574867016,-0.299404351540749,-0.8840334577394049,-0.6730224062278911,-0.33936925098862053,-0.09411127962158215,-0.4310716250236359,-0.84532059214245,-0.3811166912142389,-0.872049849216467,0.07448577717722889,-0.8594080514170602,-0.5105148730070868,-0.9336433599420626,-0.01564336848197773
-1.746749040297431,0.043152531912696974,0.582463938021016,-0.0032943728442775435,0.34133889845309356,0.7286906382993354,-2.7268809346285035,-1.0076036854885198,0.3315167809971169,0.9577794541409297,0.9311821337552498,-1.1186062093941378,0.17109462332020506,1.4209646037591241,-1.4728523381399878,0.6122838622366497,1.0178196006573799,-1.2498213990732647,0.5754140923912601,-0.4712890138507516,-0.9679047719050314,0.23942097263441345,-0.8400149737991432,-0.7456381936004426,-0.6392449192369212,-0.29881981803242147,-0.6006303195150117,0.18067401817029097,-0.7544541684126181,-0.5796535009398316,-0.2777822160576947,-0.7606464644568585,-0.1253050283617685,-0.816547102727872,-0.3115387027667156,-0.8642060236486138,-0.518220300804887
0.6561770611416544,0.40171114837318816,-1.3122280180471315,0.3957058856817947,0.1754479921751045,0.3476244611805151,0.192531904746861,-1.0444849288076268,0.5186233019978503,1.418977001675154,0.07186371392294938,1.0404794897344847,0.45837097249634234,-1.0396770992643716,-0.2018116664636226,0.7979254686300303,-1.1308683472017136,0.975014595746962,0.0852105534144994,1.3713830361891752,0.03921275192805698,1.0969949940794952,0.14931514855482794,0.2589576147765961,-0.12861242027684447,0.905141576818102,0.29273347739107985,-0.8477520297836505,0.25762648461500104,0.04601464802093023,-0.2886905950750189,0.20520932425600213,0.2898965066721926,0.7470352356450135,-0.08262483667008115,0.2394256551301893,0.5147461506671954
-0.13217276728800745,-0.420237480676987,-1.1098552758148852,0.3456816153606521,0.36021287812051395,0.970981215670239,0.45184754557504564,-0.7235067440800979,-0.006440667624557308,0.8304783795205979,-1.296088703125072,2.2272822290244663,-1.362075770748216,-0.758714287036354,0.46425785227461774,0.8195790135193396,-0.8549890638175879,1.395585858272083,0.6149874128374319,0.6560498388828586,0.32255393862528103,0.28143066478392037,0.36669368469473945,0.3235486652303449,0.495495838578684,0.6282229344722412,0.7135175061351897,-1.4241487345562578,0.6376509828769624,-0.22626377599513264,0.6494531930190446,0.4107283262546196,0.7739918964132548,0.3191002115023522,0.2742051742099853,0.16479968851989515,0.808673567240476
-1.535422412957208,1.0634972298916265,0.014858920468936523,0.8343530367458437,0.79186317186212,1.0008579842807588,-0.9467172288821416,-0.7717798905472465,0.6262564309685192,1.2654256265660992,-1.3317384363814089,-0.8729374804812514,-1.4096414943754458,-0.8009693673871211,0.8011795201489481,0.8238006881358043,0.3614867489618701,-0.18673297815106782,-0.11456577777417157,-0.43131703352624723,-0.47374254948339234,0.05181254414500895,-0.30075487672320045,-0.17865099957187325,-0.5515528016354141,-0.7538341084703967,-0.02435803614168725,0.013363675992501847,-0.10164736550287765,-0.5378297043415874,-0.6502829221616904,-0.3503058085426227,-0.005285634115173661,-0.4697043467036381,-0.1480589510975845,-0.23670858935504915,-0.04506604094905211
-0.7424686635422634,0.7328801243900417,-1.2380407032668233,-0.19585933997924823,-0.6510069880298867,1.326273610583232,0.65517554498486,-0.926818343054366,0.762661442026949,1.6718552081159765,-1.4462343804176105,-1.0344483219530798,1.560656580550652,-0.9366796483112197,-0.03639076418538722,1.3495831335876185,-1.0297344543067106,-0.07127818840344358,-0.20182927744984555,-0.2591582860387503,-0.1302394060392266,0.3911250777773342,0.026477128780011436,0.025749709312540253,-0.36067167940013006,-0.4345039997785679,0.29211962014339343,-0.0362588977049574,0.15956234581653347,-0.2773717639900197,-0.4037906952324107,-0.17154642985909083,0.21442357929807565,-0.1932938518699806,-0.3026077051152498,-0.24202286395212078,0.029213637042007315
0.5741189123515612,0.9206219079775784,-1.1262714031109802,0.7026211019118905,-0.7193059762725816,1.127035877277822,0.15258248952857098,-0.7495439400069561,0.8385690804560858,-0.9116698600845158,-1.3153171801866852,-0.8497732459019405,-1.387731402421776,0.47386082471374347,-2.3649813598710026,-1.401634584610325,0.9792587413813321,-1.0539484497229419,0.6557477509218856,-0.22480800147863925,-0.38826455790407766,0.12860391991058231,-0.7272066420655178,-0.6607921481231506,-1.036758751883885,-0.8397871794178176,-0.7439303824167901,-0.586414487495282,-0.630488917465312,-0.27263417112531213,0.10445771621337027,-0.8233589700303858,0.10430846833614317,-0.2524363775843991,-0.18157768471355717,-0.7629095403967072,0.4653424219943493
-1.4848924702675619,0.6842827551567793,1.218560806837437,-1.845357435799194,0.16695958959762505,0.6593795970819054,0.5838564128700752,-0.7153924726756068,0.3418485791471193,1.4147813905421431,0.3723159430883265,1.9911865522225365,1.2916108782926157,-0.7516115971294918,0.19244560910267142,-1.372805511184546,-0.8480148846154855,1.5868144910196442,0.11750104515350376,0.18441547501869654,-0.10505926249669324,0.5968213017801538,-0.2718732458000336,0.19254465268871215,0.19412079686603734,0.1347971097774395,0.09123972406796563,-0.030904155846908143,-0.05417359910287562,-0.8634546774744007,-0.5355212665924471,-0.5724034615583636,0.1514394248925528,0.009394554134605517,-0.3029339967501783,-0.6777564244736578,0.20634511964276578
1.2518340327823376,0.8407371489297064,1.015771137529319,-1.821466234534894,0.8682258273470891,-1.2964190979443162,-2.4341985724612245,-0.684130794490054,-1.9328676292334483,-0.8369844302309886,-1.267009552451616,-0.7816292983527423,0.5226611055018662,1.7729725863828214,-0.6352918549909284,-1.3464158627668024,1.1151022583444288,-1.004298452142855,-1.858042618384325,-0.37868213720929944,-0.263802067420395,-0.05279986934018397,-0.7570858760003624,-0.38568568847108836,-0.7156605559081836,-0.3391944529177911,-0.6537892374665686,0.21393664550940036,-0.6415677291503723,0.1201188358964988,0.1490084487894938,-0.5251982060926904,-0.6461689573886218,-0.4892046683528075,-0.2674033950532448,-0.34894106864789204,-1.506516674469006
0.9332579271658742,0.9855839599166197,1.2104494228722409,0.3461721273304908,0.5537757796838478,1.1333696355697374,0.3962032940385181,-0.934675691176212,-2.1328428539385267,0.8965484555190151,1.3329773159290443,-1.042633690720471,0.5060583155759385,1.0543130337545996,0.6448097088914488,-1.5579141610079763,0.7289860146812933,-1.1944674681085616,-0.2053025344225674,-0.24265413818714165,-0.7886895076988429,0.5009077303852922,-0.32291732548538016,-0.4158416148800939,-0.12596352499594357,-0.3341448873679753,-0.13423018218778077,-0.47591522679201753,-0.2541415361838047,-0.3273684006803573,-0.6223611771269163,-0.33856355559902224,0.3472123064096578,-0.5227010373076489,-0.3320460350685532,-0.49260879904583554,0.09306647433123325
0.5983517014679699,0.5509932973404014,1.001084347559926,0.4393126163021515,0.6203963458257212,0.47721245652434463,0.041560793795220645,-1.1196481984611057,0.4332580375500615,1.4056404456077756,0.4705002630246229,0.6439830188419732,0.6736610746001469,-1.105469993058761,0.018017952084405094,0.4699322191813906,-0.24014893525200984,0.5033401044099058,0.40748606249578173,0.3852429129543465,0.2461599590822355,-0.20934127101069222,0.2411662322066625,0.37906182088759544,0.49779792303454123,0.18824212997577425,0.33767521719218196,0.2796864137652853,0.23951499369775767,0.03264161352207245,0.06930737734212732,-0.004107296951591424,0.38619461657557314,0.027850576008344344,0.33984357287991146,-0.18364743439009232,0.25642741960957544
0.4553257494825924,-0.20254165010175193,1.030057430185219,0.49285532297944445,0.4697929325233832,0.7523500296256411,0.1834902417627925,-0.9966551537366805,0.4209540141922281,1.152077900747891,0.5937138735089399,-1.107200609379913,0.43370959828531047,-0.06305619277018362,0.5158387301130506,0.5960471697523126,0.29272149201754133,1.0407445198642413,0.8259010329122543,-0.3523065079252013,-0.30065028740695066,-0.08088294763492951,-0.1959495923538765,-0.1622050202564108,-0.477791415699861,-0.49624195732211096,-0.13126376739765677,-0.8422784115530589,-0.10333746377345784,-0.07899659816112244,0.022953644880573644,-0.3413616700943679,0.08137284154565419,-0.3614813896132183,-0.14315818812767578,-0.3560037937754267,0.48351212769306234
-0.164092915588646,0.45657366056730486,1.264739597946131,-1.930000671008123,0.5243203849932178,0.37726525014679946,-2.562697800394738,-0.8261482923772959,0.9477753969003421,-0.9991328453945799,1.3235610893760321,-0.9295755995223747,1.3866573113023153,-0.8485598261825704,0.7021308457518443,1.1559507116549708,-0.9432090056610049,-1.112092816268176,-0.26545523470350607,0.5092446095929898,0.22821605334706896,0.023267303348773475,0.17931265286764025,0.2684697074697828,0.45722830379767104,0.35482465829936266,0.33460370421145275,0.18859369671666457,0.13650759675405802,-0.08673425261579228,-0.9000226613419489,0.17900595629270047,0.6279234612431372,0.2511887812217901,-0.03346220537876166,0.014402374266433903,0.18099119093325858
0.20023381263577775,0.2695537126435698,0.9926131574004982,0.10425575187381043,0.3674514476222835,0.7028496851793995,0.30123279482528303,1.4468112914887665,0.5038531047615926,-1.3644579919529771,1.080348405879235,1.956004121801329,-0.13714106170768073,0.09522798220365288,0.13606718256720707,0.022177353961067927,-1.218221413430953,1.335016835564026,0.4281837938902803,-0.5339010328029175,-0.803696327356776,0.31898763532527735,-0.38786654411335497,-0.4263124172584432,-0.3252373773481039,-0.5825384904284103,-0.23142816092710408,-0.3976218841536589,-0.23875010396173832,-0.5100533318805275,-0.17028194359827614,-0.7882438954680577,0.2847419622990514,-0.5467806022148173,-0.4436999798993377,-0.9099206322957367,0.4949081206948819
-0.07492068099600065,0.46160578051203416,0.8109843264849331,0.3978637207540479,0.40861793760473036,0.9289171751886767,0.1047076474773065,0.2827514837085867,0.44636225912628774,-1.4208349973443968,0.9648369396456223,0.9684696190108015,0.35402082279363123,0.04064090687863906,-0.46677696645263306,0.5958543883138048,-0.11635312868152087,1.088637063931202,0.05472368614729778,0.0892824250081841,-0.15995155561260382,0.177885616522336,-0.09988078703992044,0.17015199339676426,0.20218647907907364,0.009109420652219018,0.2088943835495454,-0.7851599263155378,0.1402310997761997,-0.38635998626492024,0.050258257099708,0.28234895431528945,0.4799863910555413,0.14283534957950023,-0.02426188794569042,0.10453446810509885,0.5102952511327633
0.382052745241456,0.6141709721981792,0.6763728741848399,-0.10740234498896876,0.11466168471042652,0.4888771576410864,-0.1125986871561818,-1.4635414187118694,0.04060585025712415,-1.7268761644141615,0.32280525675566896,-0.1443421878684154,0.21560321348283246,0.23400837433895608,-0.9171094780156049,0.2541651231930118,0.5198898850192311,-0.5842624952837717,-0.1895160226616802,-0.2830156789444636,-0.35286732458984793,0.32410321221927463,-0.3597734167410415,-0.22399842324746608,-0.1831885300740054,-0.24098254376063102,-0.09350059657577439,0.2678077098413697,-0.23706801627338284,-0.45973500672495604,0.16306532848798913,-0.5246429048602534,0.057435336478197686,-0.35782125646691143,-0.3217506281834802,-0.6847876540101424,-0.07427127258061732
0.44718289227152064,0.6396526897879125,0.6816297703409459,-0.06496652885520021,0.19122776222848845,0.5570532629751491,-0.08760624063150599,-1.4148833935395553,0.13034637021911166,-0.12293368983000334,0.3907953303552696,-1.5428886199703313,0.2871568321781499,0.14765303967257182,-0.8290139055929413,0.3530941027522278,0.5221009835646484,-1.558955539609701,-0.1777052949660187,-0.200342745875783,-0.3313103478573967,0.4344143242625026,-0.2508048996451,-0.20863601903092763,0.04252565386219141,-0.22064756071269534,-0.002932494637492212,0.3395148661108187,-0.13621349285199197,-0.46106079953087203,0.0922363316742277,-0.5422007687670366,0.11618695760363318,-0.2420939292151644,-0.3317458265813861,-0.6923770639093693,0.07939698067630901
0.4895565831210776,0.1414382078103567,-1.1893899240718104,0.4821698198539642,0.5476519512892613,1.2615895168140328,0.4029422254298242,1.1055186889306352,0.6621199381691084,-1.02597115881666,-1.3892489309929186,-0.9540632221514463,0.38515211807416344,-0.8691356718401777,-0.5340082942485315,0.7085857280974632,-0.9634125675132984,1.3206120202823706,0.3659562118618054,-0.7229216534066475,-0.8237172345910914,-0.4361455173845305,-0.9533730984553777,-0.3804042434724181,-1.0269687084087396,-0.6481199261416439,-0.7767001451922501,-0.5583479536949768,-0.7551403007994996,-0.27896034416239035,0.17713674767123644,-0.6592329145849459,-0.22691909080288358,-1.06159961083349,-0.4322676221569712,-0.740850195201275,-0.16738739132986027
-1.5097723969380197,0.7336390183628958,-1.1222442032512856,-1.8665756190921563,0.5897180090346765,-1.3444770155384038,-2.487605779210706,-0.7431565022214057,0.5385867485850011,1.085122119432323,0.994229325421399,-0.8431191518052142,0.5242547630608804,-0.7759143696889143,0.457392851098504,0.6638429760102201,0.636730472957749,1.2625525702424063,-0.255545273842048,-0.21849294496130794,-0.6009944890667396,0.6320136261453123,-0.5143344111666796,-0.13303733223809022,-0.5153046300126006,-0.4598802648802475,-0.5581206722687042,-0.11161667127778468,-0.6306981781255041,-0.008417241742204571,0.14994820682885746,-0.08483728795066092,-0.47779212421373507,-0.6208065307558005,-0.18979642527364396,-0.17118509581876973,-0.34373898389607116
0.5803158831507845,0.3311858523160203,0.7202949821753389,0.021817009771278324,-0.6284600853561672,0.6528235224518398,0.19152847070769585,-1.1479440028264545,0.40283601978278055,-1.3665429549375705,0.5730554011399466,-1.2648053127722652,-1.7802930783846107,0.6763481395839589,0.2260265496397143,-1.7379453074387734,0.40850488365105975,1.1354292416090994,0.3125589158478789,-0.5964216874971205,-0.5774380139227792,0.2576125707203016,-0.6275860777667944,-0.20708669321466405,-0.5551776303124859,-0.5804753706027506,-0.4105299399353398,-0.1576979885904556,-0.45424873296291757,-0.6047260085157866,0.16470513243637327,-0.7782431663039082,-0.09914049427756468,-0.6530580560847095,-0.4299002360594798,-0.8585495832729351,0.2610724756702246
0.6846366568945901,0.34067781922481316,0.366542430188285,0.07400735363872021,0.3700967884412208,0.7724032907007676,0.017714303845701912,-1.3121139302700557,0.0675989012174461,0.8512410349218419,0.5366430315762903,1.9128951259974212,-0.5724522499663479,-0.3481132902451984,-0.3871300397686946,0.3228451269814685,-1.3608942512952873,0.6186897039910838,0.2860118626435348,-0.0758301384102346,-0.26561600232377275,0.08320815647536595,-0.21268638411749283,-0.2424678799238653,-0.166110777397959,-0.12839470847467999,-0.030834032070466994,-0.7322154355935109,-0.06517581170322513,-0.2913154106791367,-0.03442630120416834,-0.01636821934794394,0.40004765335287484,-0.1847268359537128,-0.01929878323006081,-0.16465035553195162,0.6319190681828795
1.1835830129187002,-1.055326271860351,-0.11913065812388292,1.2139772620785427,-0.3932025287852954,-1.1411198554601647,0.4451789253117883,-0.4933891195137415,0.7547499378233345,-0.6192052075072204,-1.126146767830772,-0.5829247322854594,-1.1353304240506097,-0.5572847257212188,0.08649788736800487,0.99178663184791,-0.6572040167954223,-0.8595213797950869,1.1363470810465184,0.4228894068548585,0.6823987771191591,-0.11100603674774354,0.6545739651227535,-0.2015331231068359,-0.10468429517996775,0.17626751985503594,0.6370780153005577,-1.0533367075367384,0.691517857661839,0.6219742220268877,0.16228816798046625,-0.15011911787465132,-0.030098831899616672,0.6053357190540658,0.663734732696536,0.9445497949695072,0.12715562442608982
-1.7957339006211244,1.2656945075248687,-1.3234393377411806,0.8375075216012637,0.29895650991628026,0.2788441775443922,-0.04304545395674148,-1.0622669136940401,0.7303480374167591,-1.2687211764572812,-0.4254838002528828,1.5555838982525099,0.2034518311805598,0.612729908670442,0.10497287803776031,-1.6656207109714924,0.6316901125129983,-1.291311976031111,0.27026221161455194,-0.562393978826156,-0.03858729162956773,-0.23528507333535398,-0.017530463549661163,0.23164907459289422,-0.3364141425893145,-0.5036351245125441,0.20028726041786513,-0.005791316007990464,0.13102512554316947,-0.43314797105998887,0.0763282441244519,-0.4511601163167986,0.37224391841735466,-0.3518801017296047,-0.07205979564194043,-0.5627643884287614,0.457065479529365
-1.819800069025411,0.3437304514858556,1.0303509928178114,0.056944996498387725,0.3133444788292492,1.0929606276288526,0.4890062433585518,2.1652311526681327,0.8169030278257087,-1.2993839336974553,1.479122059575213,1.1100997334790648,0.40328248191728894,-1.0787501497803995,0.2889548324885856,0.7532794955349633,-0.2916385838415568,0.6021178850502582,-0.1372035665517337,0.46429291368228826,0.3845574022705333,-0.531471280929701,0.9691257626649803,0.5895559505151756,0.8370772886847022,0.4400868348048481,1.1584883502834267,-0.10165384600511383,1.163926314829057,0.09163391174043138,-0.4543085230472393,1.1025183267329877,0.9477834139100062,0.758398860087817,0.5095976804400343,0.8914924536287732,1.5381107832299965
-0.9366739450775232,1.6631062229129445,-0.7190269218587497,0.4315377334270832,-1.3491032612895761,1.5619087769470927,-1.9089486626498826,-0.10362397622728545,-1.4695295889845503,2.405356426788657,-0.8383050917089143,-0.17688806686084477,-0.7512771264743292,-0.21611041551325574,-0.1945182267561898,-0.856379123627916,-0.3222026567831936,1.658993556491437,1.2949139258843376,0.985196280878826,1.4390045586722366,-0.5441861963292857,-1.164961419371372,0.03598790978812744,0.129220657975624,-0.005450931172058721,-0.9459060652989069,-0.5481376081013107,-0.6813402738847868,1.0505146941267898,-0.6962925014208795,-0.09202632022427416,-0.04595739890335984,1.4489611927159731,1.2401453557657205,1.6996062519060042,-0.6789302774643118
0.3560653624219466,-1.6140910622927938,0.4686854847261532,0.26249974930881625,0.5462041523018655,0.27803773141091787,-0.8095229236791411,-1.1195375576452349,0.4102624902419713,0.4766253261485657,0.11210526843588767,-0.2541016308908407,-0.7276303015267938,-1.1053731454963616,-0.17929367927418416,0.4686788035718915,-1.1953757388096213,1.1506374550203964,0.4726699387449392,0.1648030841676845,0.08973709881982955,0.08503724281647697,0.2834392995769356,-0.2501342954972185,-0.04962764485955324,-0.09016509244498146,0.22487157020775206,-0.053039151729271525,0.28218038250496297,0.01510822282851113,0.3966733053708347,-0.21258543373601255,-0.09851948055506184,0.22592021357244205,0.2775771069732311,0.04398519656389894,0.7482108240407788
0.37027959806306465,0.3759001861006486,1.0772800327357914,0.22373113228901575,0.441724553597937,1.1815901975546657,0.2407920664021643,1.7962239115074636,0.4647332382229693,-1.3397884011523422,0.7514214709809767,-1.2403941135140113,0.1719655731731675,-1.1097266151474672,-0.46713820783472987,0.8042411911651601,-1.1996504400701102,-1.3385566332695218,0.29957054587277804,0.044696477122310514,-0.17570424246468186,0.14915128757483617,0.024265706028936712,0.014481400178540686,0.13871700512255847,-0.025195140076082295,0.2152689979468051,0.2923999215195062,0.1390048286727118,-0.1980854058875961,0.17930104927600993,-0.2186269142183191,0.32153402563073136,-0.07311532913634071,0.07245806657485523,-0.29960814711274486,0.09273703436182855
0.9646741292039639,0.817837357886984,0.1276266866850895,0.5643320341342412,0.66692131300711,0.6665345020147845,0.3493704055491691,-0.7790631266145941,0.7122987480778227,1.1056468113697453,1.34121169443024,2.0236799619800063,1.2273431124559075,-0.8073446246007525,0.3695011029890893,1.0018223517794786,-0.9027395207965935,1.663248036307352,0.8413581673890741,0.032990305002638116,-0.3194179944149313,0.25025072098029055,-0.16353325696870227,-0.4139284529176702,0.03552288415614939,-0.41709930276316054,0.07614057377847595,-0.5440773578839284,0.11328623850782914,-0.06592093258277422,-0.10976941086160483,0.06144204459581355,0.4401771849993668,-0.3119156770930891,-0.003499445492768238,-0.13786099403501217,0.8529296587786864
0.8565946839297166,0.9338531750503728,1.0598349067670239,-1.8083276682893346,-0.6193430058388071,0.7993452396101499,-0.5744031640085016,-0.666938957828329,0.10779867159936606,-0.8173556583548403,1.038401641736515,-0.7637197542313964,0.20640695970059852,-0.7091986343750931,0.13121497662195603,0.3899403355772996,-0.8063693099641854,-0.9912494748783183,0.14512668139724536,-0.7409263164455138,-0.6794536048044926,-0.5590411803280952,-0.9644703989767784,-0.4805320028131661,-0.8802750830931021,-0.3575361233969358,-1.1723196620070375,-0.27999045469492895,-1.1177509375502857,-0.1564686972928447,0.2531453458112735,-0.45114567397595845,-0.5779079527409855,-0.9554423445228102,-0.602263256972264,-0.5522187728971756,-0.5512606160344832
0.6991957091351699,0.8394763146832129,1.067499912512452,0.3043886746830102,0.51409269636888,0.9502507919371752,0.22890396162971857,-1.0508348690764886,0.4555487321223804,-1.255668644590488,-1.5378206223684008,-1.1636421648374837,0.29305847931465157,0.7167200627341899,-0.932971428331815,0.5350275225907541,-1.1363260918530913,-1.2826348059743642,0.2748048455629185,-0.2950121361405779,-0.729093293824854,0.2479342129521374,-0.576039223707174,-0.31411682268572916,-0.49118602581780774,0.10438152746274378,-0.6092095136234642,-0.12454298478813226,-0.5974673896985431,-0.4279669359569398,-0.07957197102080922,-0.6122297853009875,-0.13650318279556506,-0.5915463805399026,-0.38831114536310984,-0.7370506193552688,-0.16591063703261172
0.6981701631150653,0.5797688325158638,-0.9508536989159109,0.747108934727107,0.7504459417906104,0.6324154939118041,0.48296745807197605,-0.4713184456022445,0.027140770526785173,-0.5940060253671219,-1.109847568476367,-0.5599326741369655,0.8308318977407232,-0.5379655354927438,0.853864605874998,0.6593963375529529,-0.6382343733983884,-0.8427692591374194,1.221336625805793,0.14035612689993562,0.3995086945070734,-0.42571027286609037,-0.816845069185528,-0.3822793175647682,-1.352728878643068,-0.5683645246180764,-1.1801426952293104,-0.3880583193201392,-0.9730192764520299,0.42251052399240924,0.15535243240455285,-0.36133369508721275,-1.337915958145601,0.18767586673557116,0.26218483402259046,0.5756968189936383,-0.643608236665874
1.066758403759475,0.8191824169407238,1.4717018875194205,0.9498580125996597,0.554155575190003,1.5146839973968576,0.5161013655265987,1.7892901206307312,0.8725031735091182,-0.8832059642858906,1.0920066955007584,-0.8238024209880132,0.3274783673626896,-0.7596833913728561,0.5394138282579252,1.0770036694145075,-0.8559406339124289,1.701133385701681,-0.4542178446811122,-0.12629334613566542,-0.04616027030686057,0.5620542672118742,-0.09432979561602318,0.01672536574488933,-0.45664499470895065,-0.45504224408130317,0.021982458861014267,-0.20197250691002008,0.1486480074276423,-0.14060726222111564,0.1418500327209563,-0.26629470833637764,0.08883769157274532,-0.4834503679291165,-0.31051919321817634,-0.3697059893782419,0.9319299340163592
1.3732477485983052,1.4912629962972854,-1.0125507190821514,0.5956726641937586,0.5164322677516489,1.1187325076470123,0.589380739282644,-0.5691744973492282,1.3088097512029464,-0.7057331290057026,0.7222920841627758,-0.6618739216480649,1.7726532578609582,-0.6236221713656829,-2.2191400750279073,1.3936243853418784,-0.7223412028194421,-0.917044126888263,-1.7672127817770675,1.7227905093936065,1.31982587970474,-0.20068527879445103,0.714100544528753,1.3096878404829637,0.8822018009181655,1.230459033288664,1.0683513039388346,-0.25370266765108673,1.0871668295152517,-0.005783766462037963,0.2507395989405485,0.5289450787897502,0.5572592396962759,1.5078131047524197,0.21839923182363669,0.22987842645745601,0.9137399467422365
